user_id,ideal_point,com
236,-0.54714066,0.0
319,0.7452051,1.0
379,-0.84703296,0.0
484,0.067348786,0.0
515,-0.7338808,0.0
534,-0.9315322,0.0
600,-0.5545578,0.0
673,-0.28570843,0.0
689,-0.08425537,0.0
728,-1.1141744,0.0
746,0.031082846,0.0
759,-0.8730679,0.0
935,-0.50811267,0.0
948,-0.7781058,0.0
952,0.33801252,1.0
1074,0.24993673,1.0
1078,-0.8458186,0.0
1088,-1.034057,0.0
1102,-0.4154686,0.0
1205,0.22691682,1.0
1213,-0.32608622,0.0
1241,0.15975715,1.0
1420,-0.23805329,0.0
1422,-0.8744249,0.0
1539,-0.20053677,0.0
1608,0.07526073,0.0
1617,-0.51723874,0.0
1633,-0.07326479,0.0
1685,0.65629286,1.0
1787,-1.0396489,0.0
1841,0.027547967,0.0
1877,-0.54916286,0.0
1883,-0.56153345,0.0
1927,-0.20972149,0.0
2194,-0.59428936,0.0
2263,-0.56992096,0.0
2283,-0.3962881,0.0
2300,-1.0837188,0.0
2324,0.35879266,1.0
2335,-0.44920176,0.0
2372,-0.6475624,0.0
2398,-0.85798615,0.0
2433,-1.0731683,0.0
2533,-1.0938485,0.0
2708,-0.2504388,0.0
2731,-1.1872911,0.0
2803,-0.6497246,0.0
2953,-0.17654496,0.0
2957,-0.13583045,0.0
2958,-0.21471967,0.0
2963,-0.5689459,0.0
3113,-0.69773763,0.0
3118,0.49230295,1.0
3179,-0.28197613,0.0
3188,-0.74714434,0.0
3227,-0.3271923,0.0
3233,-0.1832331,0.0
3244,-0.7366265,0.0
3318,-0.37021068,0.0
3334,-0.13925968,0.0
3433,-0.38272157,0.0
3446,0.42042556,1.0
3450,-0.6827176,0.0
3465,-0.32632,0.0
3543,-0.65637416,0.0
3544,0.25218725,1.0
3554,-0.38286242,0.0
3566,-0.68043727,0.0
3605,-0.17251696,0.0
3686,-0.27427158,0.0
3695,-0.37743083,0.0
3703,0.2588428,1.0
3708,-0.14102998,0.0
3753,0.46239245,1.0
3800,-0.5966476,0.0
3845,0.5196782,1.0
3877,-0.39857626,0.0
3925,-0.7484423,0.0
3977,-0.4845739,0.0
4091,-0.44289628,0.0
4100,-0.7624928,0.0
4125,-0.24884775,0.0
4141,-0.7493131,0.0
4146,-0.47674498,0.0
4232,-0.9268251,0.0
4268,-0.44190556,0.0
4274,-0.8450369,0.0
4305,0.39227912,1.0
4313,-0.08693453,0.0
4444,0.04398774,0.0
4493,-0.202716,0.0
4707,0.17158724,1.0
4729,-0.24630788,0.0
4747,-0.47690597,0.0
4752,-0.91566646,0.0
4768,0.26621142,1.0
4769,1.2496551,1.0
4773,-0.12581888,0.0
4822,1.5025383,1.0
4857,0.10565237,1.0
4878,-0.31298524,0.0
4897,-0.24581225,0.0
4933,-0.20070842,0.0
4993,-0.80711484,0.0
5008,0.7593975,1.0
5017,-0.6999338,0.0
5033,-0.45426774,0.0
5042,-0.4207476,0.0
5047,-0.44891116,0.0
5130,-0.41721576,0.0
5164,-0.6802504,0.0
5247,-0.48754075,0.0
5261,-0.24704684,0.0
5296,0.5834459,1.0
5308,-0.46269035,0.0
5358,-0.72014344,0.0
5363,-0.15944119,0.0
5379,-0.4514005,0.0
5435,-0.6052419,0.0
5472,-0.39493814,0.0
5494,0.27845296,1.0
5495,-0.52809024,0.0
5499,0.23979048,1.0
5513,-0.2687881,0.0
5517,-0.6113727,0.0
5543,-0.0076549896,0.0
5588,-0.003384309,0.0
5740,-0.75599456,0.0
5749,0.1460937,1.0
5758,-0.017844243,0.0
5821,0.22811937,1.0
5833,-0.41175246,0.0
5916,-1.3786817,0.0
5975,-1.33626,0.0
6051,-0.14244734,0.0
6073,-0.546187,0.0
6123,-0.5598818,0.0
6174,0.8471106,1.0
6228,0.0137445545,0.0
6265,-0.88815564,0.0
6301,-0.709329,0.0
6360,-0.6005205,0.0
6475,-0.8940021,0.0
6488,-0.16136274,0.0
6545,-0.21225013,0.0
6561,-0.5530147,0.0
6601,-0.6615074,0.0
6610,0.088441834,0.0
6638,1.2572479,1.0
6649,-0.77804935,0.0
6706,-0.27675885,0.0
6866,-0.1649711,0.0
6881,-0.48683402,0.0
6928,0.11345545,1.0
6961,-0.05046859,0.0
7008,-0.3993969,0.0
7048,-0.25269225,0.0
7052,-0.27755097,0.0
7054,-0.7127148,0.0
7071,0.07407874,0.0
7080,-0.70900583,0.0
7130,-0.34934145,0.0
7149,0.06445001,0.0
7200,-0.58267754,0.0
7219,-0.57043135,0.0
7236,-0.46258283,0.0
7275,-0.77065897,0.0
7374,-0.59014755,0.0
7384,-0.19989575,0.0
7427,0.066487685,0.0
7471,-0.16470928,0.0
7490,0.40708572,1.0
7528,-0.18078615,0.0
7597,-0.10245337,0.0
7619,-0.10348261,0.0
7622,1.1040077,1.0
7675,-0.14227033,0.0
7728,1.2630117,1.0
7841,-0.10390539,0.0
7883,-0.4844091,0.0
7889,0.2087011,1.0
7995,-0.5550857,0.0
8015,-0.7238117,0.0
8061,0.085207194,0.0
8062,-0.39784852,0.0
8094,-0.33719695,0.0
8175,0.0096424855,0.0
8526,-0.16133134,0.0
8598,-0.85800654,0.0
8619,-0.7433695,0.0
8685,-0.5573459,0.0
8758,-0.60575736,0.0
8765,-0.11000436,0.0
8827,-0.03029257,0.0
9014,-0.22982372,0.0
9023,0.0931085,0.0
9069,0.19807617,1.0
9075,-0.9771431,0.0
9183,-0.66482246,0.0
9192,-0.6252759,0.0
9208,-0.4074535,0.0
9266,-0.15020263,0.0
9285,0.7637398,1.0
9405,-0.36824083,0.0
9430,0.7277841,1.0
9469,-0.76699084,0.0
9689,-0.73494273,0.0
9694,-0.101418436,0.0
9708,-0.10144486,0.0
9762,0.5965957,1.0
9814,-0.62909466,0.0
9836,-0.45085087,0.0
9852,-0.25897336,0.0
9859,-0.037133906,0.0
9877,0.20673515,1.0
9894,0.5560406,1.0
9898,-0.8138205,0.0
9955,-0.25662455,0.0
9959,-0.5011485,0.0
9960,-0.675001,0.0
9962,-0.5625891,0.0
9964,-0.65397424,0.0
9979,0.30145296,1.0
10034,-0.16320185,0.0
10109,-0.7993901,0.0
10125,-0.28544265,0.0
10173,-1.1102566,0.0
10272,-0.3361926,0.0
10389,-0.19846189,0.0
10406,-0.2862618,0.0
10424,-0.30391648,0.0
10432,-0.7347867,0.0
10467,-0.89931834,0.0
10483,-0.7751956,0.0
10566,-0.115834504,0.0
10594,-0.95213,0.0
10643,-0.45814222,0.0
10654,0.114849314,1.0
10659,-1.371707,0.0
10833,0.83038735,1.0
10838,-0.7516069,0.0
10931,-0.101071075,0.0
10950,-0.113571055,0.0
11006,-0.17573589,0.0
11139,-0.6109654,0.0
11174,-0.4631732,0.0
11237,-1.2796835,0.0
11256,-0.49203408,0.0
11375,-0.8726283,0.0
11420,-0.63248575,0.0
11443,0.4421582,1.0
11515,-0.43558535,0.0
11526,-0.3107759,0.0
11592,-0.73137045,0.0
11636,0.10445331,1.0
11761,-0.6863654,0.0
12018,0.037383594,0.0
12033,-0.42663342,0.0
12044,-0.37396568,0.0
12054,-0.2784932,0.0
12078,-0.56700855,0.0
12251,-0.711746,0.0
12306,-0.5997397,0.0
12388,-0.701179,0.0
12433,-0.5102338,0.0
12462,-0.64617455,0.0
12466,0.49979112,1.0
12473,-0.8057044,0.0
12605,0.010292159,0.0
12619,-0.8537721,0.0
12679,0.22524574,1.0
12696,-0.38721314,0.0
12729,-0.32903433,0.0
12847,-0.9541863,0.0
12857,-0.6826567,0.0
13056,-0.33532494,0.0
13060,-0.33057272,0.0
13137,-0.49091354,0.0
13181,0.19287764,1.0
13220,1.141059,1.0
13240,-0.90377516,0.0
13248,-0.646127,0.0
13266,-0.64746183,0.0
13286,-0.48751935,0.0
13297,0.36215806,1.0
13489,0.9029814,1.0
13531,-0.62217295,0.0
13570,0.37753177,1.0
13655,0.0933833,0.0
13669,-0.25328267,0.0
13676,0.6475965,1.0
13732,-0.6256136,0.0
13772,-0.43642175,0.0
13804,-0.90572816,0.0
13811,-0.3457917,0.0
13866,-0.52387196,0.0
13872,-0.20039064,0.0
13919,-0.048841525,0.0
13950,0.22664236,1.0
14004,-0.69695437,0.0
14055,-0.30212834,0.0
14068,-0.35909814,0.0
14074,0.06812294,0.0
14192,-0.3981091,0.0
14234,-0.886721,0.0
14271,-0.7170218,0.0
14278,-0.562311,0.0
14297,-0.686047,0.0
14385,-0.7618048,0.0
14390,-0.5702954,0.0
14470,-0.5268124,0.0
14479,-0.6642872,0.0
14501,-0.4639449,0.0
14583,-0.49774367,0.0
14615,0.49923217,1.0
14617,0.1739383,1.0
14661,-0.7274796,0.0
14691,-0.3246963,0.0
14697,0.119368054,1.0
14736,0.7583539,1.0
14947,-0.39571834,0.0
14972,0.01592361,0.0
15014,-0.5887519,0.0
15075,-0.66237473,0.0
15097,0.022316132,0.0
15128,0.68572354,1.0
15149,-0.3036265,0.0
15159,-0.15656692,0.0
15174,-0.7201925,0.0
15271,-0.12827408,0.0
15278,-0.6174278,0.0
15290,-0.32611164,0.0
15300,-0.55640525,0.0
15362,-0.941866,0.0
15368,-1.0210682,0.0
15401,-0.27410495,0.0
15416,-0.01645908,0.0
15427,-0.14190614,0.0
15458,-0.84235734,0.0
15555,-0.56310254,0.0
15571,-0.7766911,0.0
15626,-0.8357987,0.0
15771,-0.001223116,0.0
15809,-0.31087843,0.0
15856,-0.51978916,0.0
15889,-0.030128157,0.0
15948,-0.4003587,0.0
15997,-0.28331545,0.0
16008,-0.3670787,0.0
16180,-0.34514228,0.0
16271,0.5193754,1.0
16292,-0.65541136,0.0
16320,-0.28883874,0.0
16358,-0.22580703,0.0
16401,-0.72523564,0.0
16515,-0.5140395,0.0
16669,-0.83972186,0.0
16738,1.0161042,1.0
16855,-0.053572778,0.0
16940,-0.5980504,0.0
16992,-0.17075963,0.0
17033,-0.43867958,0.0
17053,-0.47516444,0.0
17067,-0.3688318,0.0
17280,-0.6476254,0.0
17287,-0.49336675,0.0
17303,-0.61426467,0.0
17305,-0.40312332,0.0
17332,-0.47334498,0.0
17359,-0.3382165,0.0
17411,-0.9037683,0.0
17433,-0.044891775,0.0
17434,-0.67821085,0.0
17475,0.9263849,1.0
17553,-0.5504571,0.0
17588,-0.71249944,0.0
17664,-0.3324611,0.0
17684,-0.59598154,0.0
17726,-0.26868805,0.0
17729,-0.65814435,0.0
17781,-0.17684762,0.0
17791,-0.79423213,0.0
17800,-0.795155,0.0
17881,0.14635663,1.0
17952,-0.6247318,0.0
17960,0.035070427,0.0
17984,-0.9477886,0.0
17987,1.0273706,1.0
17991,-0.41101763,0.0
18057,-0.16792992,0.0
18064,-0.3543086,0.0
18091,-0.76515925,0.0
18157,0.069263875,0.0
18216,-0.0445707,0.0
18251,-0.3746201,0.0
18295,-0.72336537,0.0
18311,0.88861054,1.0
18340,-0.16129085,0.0
18361,-0.93941295,0.0
18431,-0.15628326,0.0
18439,-0.7251968,0.0
18672,0.7434251,1.0
18685,-0.72724,0.0
18743,-0.007503603,0.0
18790,-0.8748939,0.0
18799,0.55115646,1.0
18831,0.79311734,1.0
18932,-0.1729413,0.0
19003,-0.74642074,0.0
19033,-0.2136496,0.0
19090,-0.6514284,0.0
19112,-0.017746326,0.0
19148,-0.992626,0.0
19178,-0.40038407,0.0
19195,-0.08964205,0.0
19234,-0.92204356,0.0
19303,-0.09567028,0.0
19307,-0.23325773,0.0
19378,0.03616045,0.0
19409,-0.5340543,0.0
19460,0.36732814,1.0
19470,-0.6146075,0.0
19512,0.36372072,1.0
19537,-0.44606563,0.0
19554,-0.71020323,0.0
19568,-0.48472792,0.0
19577,-0.11439201,0.0
19583,-0.44490477,0.0
19589,-0.37040302,0.0
19593,-0.064243615,0.0
19648,0.37865362,1.0
19691,-0.23388362,0.0
19732,-0.28276533,0.0
19800,0.86192524,1.0
19821,-0.58492297,0.0
19854,-0.83963406,0.0
20138,-0.66669893,0.0
20154,-0.63680804,0.0
20426,-0.5383687,0.0
20457,-0.26853207,0.0
20465,0.61582154,1.0
20544,0.07540111,0.0
20671,-0.10742515,0.0
20724,-0.54885393,0.0
20748,-0.4870621,0.0
20816,-0.04967378,0.0
20822,-0.3522575,0.0
20853,-0.4848365,0.0
20870,-0.30581656,0.0
20942,-0.14346044,0.0
21025,-0.096440025,0.0
21034,-0.6971332,0.0
21040,-0.56505525,0.0
21280,-1.0908664,0.0
21327,-0.5434841,0.0
21394,-0.40654492,0.0
21410,-0.6836874,0.0
21596,-0.63906634,0.0
21724,-0.20698175,0.0
21759,-0.5534076,0.0
21781,-0.63982105,0.0
21809,0.030923255,0.0
21908,-0.66875166,0.0
21913,-0.38600236,0.0
21933,-0.0586095,0.0
21973,-0.304937,0.0
21991,-1.198806,0.0
22089,-0.5864369,0.0
22115,-0.34209996,0.0
22142,-0.7385977,0.0
22184,-0.334161,0.0
22298,-0.61685324,0.0
22372,-0.5934872,0.0
22448,-0.6318348,0.0
22490,-0.684294,0.0
22526,-0.38911006,0.0
22544,-0.33945653,0.0
22580,0.8198632,1.0
22722,-0.6355579,0.0
22735,-0.23409401,0.0
22755,-0.2879039,0.0
22833,0.046273783,0.0
22838,-0.14970258,0.0
22851,-0.18291837,0.0
22907,-1.0272993,0.0
22937,-0.31285354,0.0
23066,0.58216935,1.0
23097,-0.4250483,0.0
23135,-0.8078648,0.0
23195,-0.53590506,0.0
23209,-0.2607265,0.0
23329,-0.9773229,0.0
23369,-0.7542831,0.0
23378,-0.2748804,0.0
23389,-0.50633234,0.0
23438,0.17553239,1.0
23455,-0.522844,0.0
23457,-0.6535864,0.0
23475,-0.9781503,0.0
23606,-0.173577,0.0
23633,0.87735534,1.0
23657,-0.7930968,0.0
23667,0.5187578,1.0
23676,-0.28352407,0.0
23727,-0.2746985,0.0
23736,-0.29235902,0.0
23764,-0.17944062,0.0
23786,-0.7861655,0.0
23832,0.17630365,1.0
23916,-0.27382168,0.0
23918,-0.17727406,0.0
23938,-0.13296969,0.0
23955,-0.1521561,0.0
24003,-0.65520114,0.0
24006,-0.1749452,0.0
24029,-0.23011325,0.0
24052,-0.292074,0.0
24092,-0.44636595,0.0
24097,0.32882988,1.0
24224,-0.28024608,0.0
24323,-0.2805139,0.0
24354,-0.64077693,0.0
24392,-1.0517048,0.0
24459,-0.056786716,0.0
24494,-0.4484912,0.0
24543,-0.96533906,0.0
24625,-0.82655174,0.0
24629,-0.34572324,0.0
24691,-0.78430355,0.0
24778,0.2903616,1.0
24791,-0.6525719,0.0
24885,-0.67918277,0.0
24939,-0.4517854,0.0
25027,-0.015824985,0.0
25035,0.5419486,1.0
25093,-0.37102005,0.0
25103,-0.3725091,0.0
25185,-0.885677,0.0
25204,-0.070211716,0.0
25337,-0.7739686,0.0
25377,-0.85159695,0.0
25417,-0.1377935,0.0
25557,-0.62103516,0.0
25598,-0.048542507,0.0
25607,0.9875793,1.0
25608,-0.69583166,0.0
25625,0.5727964,1.0
25679,-0.009214746,0.0
25703,-0.51035273,0.0
25775,-1.0119859,0.0
25778,-0.41773087,0.0
25901,-0.20276625,0.0
25910,-0.46446624,0.0
26156,-0.44936997,0.0
26178,-0.7869526,0.0
26297,0.4782286,1.0
26300,-0.37531722,0.0
26366,-0.93331534,0.0
26563,-0.17957333,0.0
26610,-0.17872606,0.0
26678,-0.22424588,0.0
26693,-0.4504132,0.0
26776,-0.6028165,0.0
26779,-0.77013326,0.0
26989,-0.44992465,0.0
26995,-0.7554697,0.0
27053,-0.3484037,0.0
27133,-0.5218209,0.0
27400,-0.32299563,0.0
27430,-0.5030605,0.0
27458,-0.46029466,0.0
27517,-0.72676635,0.0
27524,-0.059638035,0.0
27653,-0.763721,0.0
27713,-0.2627634,0.0
27885,-0.63270944,0.0
28002,-0.5010496,0.0
28150,-0.13765383,0.0
28262,-0.5187014,0.0
28266,-0.96300626,0.0
28324,0.08247698,0.0
28435,-0.66829604,0.0
28466,0.2612466,1.0
28494,-0.5232899,0.0
28520,-0.48154458,0.0
28597,-0.51241195,0.0
28606,-0.643385,0.0
28621,-0.61905783,0.0
28735,-0.44067627,0.0
28738,-0.595657,0.0
28770,0.22071157,1.0
28893,-0.060411334,0.0
28917,-0.35173565,0.0
28921,-0.7146532,0.0
29009,-0.19097611,0.0
29040,-0.091813944,0.0
29125,-0.5470523,0.0
29307,-0.20103952,0.0
29355,-0.5362673,0.0
29381,-0.3391349,0.0
29466,-0.5239264,0.0
29486,-0.34735435,0.0
29510,-0.92896265,0.0
29531,-0.66385144,0.0
29566,-0.32122695,0.0
29747,-0.53553396,0.0
29890,-0.054898024,0.0
29906,-0.8033277,0.0
29919,-0.9392363,0.0
30032,-0.7085053,0.0
30039,-0.8804798,0.0
30150,-0.07558967,0.0
30180,0.11667143,1.0
30225,-0.5975257,0.0
30253,-0.3617666,0.0
30262,-0.27054513,0.0
30286,-0.37277168,0.0
30333,-0.5894284,0.0
30352,-0.018121803,0.0
30370,-0.6401905,0.0
30416,-0.97710943,0.0
30451,-0.5718762,0.0
30461,-0.36195076,0.0
30565,-0.63152087,0.0
30588,-0.6833079,0.0
30671,0.5647279,1.0
30789,-0.6230542,0.0
30888,-0.26344204,0.0
30895,-0.68684745,0.0
30902,-0.29501593,0.0
30927,-0.6398725,0.0
31026,-1.0741211,0.0
31070,-0.46579784,0.0
31071,0.17903966,1.0
31155,-0.63098097,0.0
31192,-0.89740103,0.0
31231,-0.39355373,0.0
31322,-0.7602934,0.0
31335,-0.78875375,0.0
31355,0.5695676,1.0
31429,-0.5832998,0.0
31473,-0.12096903,0.0
31486,-0.78239,0.0
31492,-0.5146754,0.0
31523,-0.26704988,0.0
31530,-0.14551741,0.0
31633,0.07509724,0.0
31660,-0.13841787,0.0
31800,-0.18875483,0.0
31920,-0.38124797,0.0
31928,-0.46592182,0.0
31980,-0.2034305,0.0
31985,-0.42185298,0.0
31999,0.14957982,1.0
32032,-0.61146766,0.0
32071,-0.47252256,0.0
32387,-0.30846813,0.0
32520,0.026303118,0.0
32572,-1.0811738,0.0
32594,1.1620942,1.0
32713,-0.7201446,0.0
32727,-0.59901094,0.0
32752,-0.4885249,0.0
32809,-0.29649362,0.0
32828,-0.023020593,0.0
32921,-0.33621237,0.0
32945,-0.23764402,0.0
32981,-0.0534652,0.0
33033,-0.088156655,0.0
33056,-0.29389194,0.0
33084,1.1799709,1.0
33105,-0.5725314,0.0
33199,-0.21487512,0.0
33253,-0.3963679,0.0
33281,-0.40480062,0.0
33383,-0.09061055,0.0
33495,-0.27658543,0.0
33598,-0.51557475,0.0
33694,0.20172133,1.0
33749,0.0040111104,0.0
33759,-0.4551358,0.0
33778,-0.31100318,0.0
33817,-0.74185187,0.0
33818,-0.7034989,0.0
33885,-0.48513559,0.0
33899,-0.45667952,0.0
33918,-0.29877603,0.0
33921,-0.32394418,0.0
33985,-0.916418,0.0
33997,-0.81873894,0.0
34023,-0.7881467,0.0
34051,-0.7872843,0.0
34079,-0.18069081,0.0
34087,-0.026270429,0.0
34112,-0.14173529,0.0
34183,-0.15300807,0.0
34191,0.08586632,0.0
34205,0.42134538,1.0
34277,-0.12935479,0.0
34297,0.12568171,1.0
34334,-0.641603,0.0
34366,-1.0528463,0.0
34383,-0.19884823,0.0
34385,-0.9075407,0.0
34404,-0.43492845,0.0
34413,-0.99652815,0.0
34513,-0.63679075,0.0
34559,-0.6519563,0.0
34583,-0.54938024,0.0
34585,-0.7357674,0.0
34614,0.08617468,0.0
34615,-0.119358584,0.0
34642,0.24061428,1.0
34666,-0.7880621,0.0
34679,-0.5196154,0.0
34810,-0.48179418,0.0
34821,-0.62320036,0.0
34853,-0.6374336,0.0
34860,-0.7376059,0.0
35047,-0.13488935,0.0
35140,-0.8205431,0.0
35165,-0.3069991,0.0
35192,0.36586604,1.0
35244,-0.3625418,0.0
35285,-0.7450421,0.0
35340,-0.46495137,0.0
35387,-0.4156857,0.0
35404,-0.6472868,0.0
35460,0.17118686,1.0
35579,1.0329573,1.0
35710,-0.11861136,0.0
35711,-0.24765459,0.0
35729,-0.14730889,0.0
35730,-0.44831035,0.0
35800,-0.18862538,0.0
35804,-0.37713557,0.0
35925,-0.33251977,0.0
35934,0.23308471,1.0
35964,-0.6362507,0.0
35973,-0.61865,0.0
35981,-0.38635397,0.0
36109,0.06775721,0.0
36180,-0.344197,0.0
36210,-0.38642487,0.0
36374,-0.8673768,0.0
36521,0.5325088,1.0
36592,-0.14348893,0.0
36816,-0.47559428,0.0
36923,-0.3145128,0.0
36952,-0.80656993,0.0
36987,0.39349014,1.0
37034,-0.6983628,0.0
37046,-0.39195713,0.0
37096,-1.1344421,0.0
37120,-0.4767554,0.0
37179,-0.4576731,0.0
37210,-0.10101281,0.0
37237,0.04800864,0.0
37261,-0.16319299,0.0
37296,-0.3901314,0.0
37300,-0.28787374,0.0
37302,-0.7161685,0.0
37319,-0.9299916,0.0
37341,-0.6814372,0.0
37345,-0.102229185,0.0
37401,-0.02418757,0.0
37420,0.16233449,1.0
37424,-0.41162467,0.0
37475,0.406112,1.0
37504,-0.44019404,0.0
37658,0.14264287,1.0
37697,0.031828564,0.0
37777,0.0858699,0.0
37785,-0.2438949,0.0
37791,-0.45678827,0.0
37828,-0.9650713,0.0
37886,0.9616995,1.0
37899,-0.783244,0.0
37918,-0.5104121,0.0
37968,1.1997105,1.0
38012,0.09761838,0.0
38014,-0.85686004,0.0
38071,-0.70648104,0.0
38135,-0.7845103,0.0
38217,-0.6000339,0.0
38231,-0.35671976,0.0
38285,-0.559838,0.0
38289,-0.80172664,0.0
38314,-0.52807397,0.0
38329,0.9814358,1.0
38330,1.1207335,1.0
38333,-0.3998748,0.0
38372,-0.24142542,0.0
38377,0.13947523,1.0
38437,-0.6644522,0.0
38558,-0.3440997,0.0
38578,-0.08642346,0.0
38598,-0.3014888,0.0
38676,-0.67188317,0.0
38680,0.18889186,1.0
38707,-0.50272024,0.0
38744,-0.28142166,0.0
38751,-0.42126232,0.0
38759,-0.60456544,0.0
38764,-0.7748752,0.0
38924,-0.2617775,0.0
39012,-0.4901495,0.0
39064,-0.07574454,0.0
39099,-0.44855273,0.0
39100,-0.5057924,0.0
39108,-0.21291049,0.0
39167,-0.21011677,0.0
39184,-0.41504496,0.0
39235,-0.63551235,0.0
39324,1.1943817,1.0
39325,-0.34907255,0.0
39328,-0.21322334,0.0
39394,-0.61313087,0.0
39414,-0.5088063,0.0
39446,-0.7132114,0.0
39548,-0.4645883,0.0
39572,0.07543371,0.0
39706,-0.6884341,0.0
39731,-0.52805436,0.0
39844,-0.30708793,0.0
40066,-0.61824983,0.0
40081,0.28395656,1.0
40090,-0.66146797,0.0
40145,-0.3480742,0.0
40147,-0.7848127,0.0
40149,-0.50184387,0.0
40192,0.41161764,1.0
40228,-0.1974952,0.0
40268,-0.6797677,0.0
40283,-1.1198517,0.0
40308,0.8902624,1.0
40376,-0.5134902,0.0
40380,-0.29144704,0.0
40385,-0.6192695,0.0
40388,-0.452056,0.0
40391,-0.6665603,0.0
40623,-0.29853547,0.0
40697,-0.6458623,0.0
40844,-0.3899736,0.0
40847,-0.19657694,0.0
40886,-0.6548457,0.0
40915,0.07566583,0.0
40986,-0.5376998,0.0
40993,-0.46632707,0.0
40998,-0.5371727,0.0
41007,-0.07760955,0.0
41034,0.54711044,1.0
41111,-0.43557745,0.0
41134,-0.7716793,0.0
41156,-0.26857147,0.0
41186,-0.6350892,0.0
41227,-0.61962646,0.0
41353,-0.1247916,0.0
41376,-0.21035849,0.0
41429,-0.6671658,0.0
41467,0.5254712,1.0
41475,-0.012956476,0.0
41479,-0.51118684,0.0
41528,-1.0252897,0.0
41545,-0.030092632,0.0
41738,-0.4952629,0.0
41755,-0.7181124,0.0
41894,-0.31998506,0.0
42142,-0.9040586,0.0
42159,-1.0708708,0.0
42173,0.1774982,1.0
42272,-0.040092587,0.0
42274,-0.77114165,0.0
42338,-0.72742754,0.0
42345,-0.4167407,0.0
42394,-0.15025069,0.0
42518,-0.31095454,0.0
42567,-0.30882543,0.0
42660,-0.8352633,0.0
42680,-0.8484148,0.0
42797,-0.7662318,0.0
42872,-0.32417107,0.0
43063,0.40047258,1.0
43175,-0.41027504,0.0
43290,1.2272611,1.0
43329,0.33927903,1.0
43397,-0.33109418,0.0
43398,0.10497283,1.0
43413,-0.47524467,0.0
43418,-0.2584146,0.0
43497,-0.21631303,0.0
43564,1.3057896,1.0
43607,-0.8527241,0.0
43618,-0.15560238,0.0
43633,-0.5494778,0.0
43686,-0.07206037,0.0
43732,0.41258296,1.0
43749,-0.15633708,0.0
43762,-0.25518185,0.0
43818,-0.3031873,0.0
43981,-0.5594628,0.0
44075,0.30676702,1.0
44109,-0.58029467,0.0
44151,-0.43106794,0.0
44240,-0.24367708,0.0
44260,-0.06903194,0.0
44295,-0.44542933,0.0
44318,0.8113363,1.0
44338,-0.5630635,0.0
44424,-0.45258224,0.0
44625,-0.31624317,0.0
44634,-0.8503677,0.0
44657,-0.34389973,0.0
44704,-0.3706717,0.0
44705,0.09469238,0.0
44729,0.59577847,1.0
44818,-0.34534013,0.0
44837,-0.21390268,0.0
44995,-0.223982,0.0
45047,-1.0474981,0.0
45125,-0.45854056,0.0
45143,-0.057985034,0.0
45183,-0.47954804,0.0
45210,-0.5818797,0.0
45449,-0.5729579,0.0
45452,-0.5631773,0.0
45473,0.17840058,1.0
45531,0.0011497589,0.0
45547,0.009539606,0.0
45569,-0.67792165,0.0
45603,-0.7604681,0.0
45626,0.09406236,0.0
45632,0.22224385,1.0
45682,0.65819013,1.0
45684,0.16075395,1.0
45712,-0.47449347,0.0
45732,-0.32297078,0.0
45822,-0.14582922,0.0
46007,-0.1932244,0.0
46035,-0.8040829,0.0
46164,-0.6152117,0.0
46208,-0.47096813,0.0
46261,-0.37469485,0.0
46266,-0.027950242,0.0
46273,-0.58764476,0.0
46285,-0.38079777,0.0
46334,-0.6240258,0.0
46385,-0.80845886,0.0
46393,-0.26201424,0.0
46679,-0.2256555,0.0
46739,-0.3005691,0.0
46743,-0.85584533,0.0
46755,-0.7898531,0.0
46828,-0.16594805,0.0
46836,-0.20823391,0.0
46838,-0.80820704,0.0
46923,-0.75079584,0.0
46928,-0.16044834,0.0
46940,-0.7541641,0.0
46971,-0.5045733,0.0
46979,-0.79599833,0.0
47037,-0.06525662,0.0
47071,-0.8099226,0.0
47090,-0.19241537,0.0
47113,-0.5239731,0.0
47133,-0.756982,0.0
47155,-0.50342774,0.0
47176,0.5945788,1.0
47211,-0.68625724,0.0
47293,-0.33586445,0.0
47326,-0.23369253,0.0
47532,-0.5796332,0.0
47572,-0.710207,0.0
47673,-0.3800595,0.0
47716,-0.9653581,0.0
47751,-0.41457024,0.0
47787,0.7655051,1.0
47804,-0.82746345,0.0
47808,0.02865399,0.0
47818,0.16835003,1.0
47837,0.06362025,0.0
47854,-0.35385314,0.0
47871,-0.36415517,0.0
47940,-0.90227026,0.0
47961,-0.5175794,0.0
48005,-0.4938784,0.0
48010,-0.41747648,0.0
48052,-0.21805362,0.0
48072,-0.19917525,0.0
48103,-0.10209581,0.0
48154,-0.13519001,0.0
48236,-0.34144688,0.0
48295,0.10495439,1.0
48442,-0.68483806,0.0
48468,-0.10129784,0.0
48488,0.46095854,1.0
48498,-0.1893304,0.0
48510,0.07561264,0.0
48578,-0.65024155,0.0
48583,-0.3428455,0.0
48630,-0.26511425,0.0
48706,-0.6276417,0.0
48710,-0.31857613,0.0
48746,-0.21532774,0.0
48809,-0.3797279,0.0
48849,-0.674904,0.0
48854,-0.4541954,0.0
48879,0.44993293,1.0
48912,-0.58684117,0.0
48928,-0.70811814,0.0
48929,-0.33200362,0.0
49004,0.29822436,1.0
49099,-0.2898842,0.0
49108,1.0738559,1.0
49159,0.4545258,1.0
49162,0.8311224,1.0
49174,-0.9887627,0.0
49217,-0.34447625,0.0
49283,-0.41526964,0.0
49394,-0.21880235,0.0
49529,-0.4482559,0.0
49565,0.8176258,1.0
49590,-0.47273904,0.0
49593,-0.30788454,0.0
49644,-0.22197048,0.0
49749,-0.62800634,0.0
49755,0.7515829,1.0
49777,-0.7414256,0.0
49780,0.65948,1.0
49844,-0.5144373,0.0
49897,-0.5110768,0.0
49965,-0.4998874,0.0
49967,-0.30734706,0.0
50014,-0.52391773,0.0
50036,0.13412987,1.0
50048,0.9875123,1.0
50096,-0.7287176,0.0
50126,-0.5939029,0.0
50146,-0.8196844,0.0
50151,-0.41993082,0.0
50197,-1.3380543,0.0
50283,-0.16300957,0.0
50321,0.17980224,1.0
50344,-0.67845047,0.0
50700,0.5454969,1.0
50718,0.096518576,0.0
50733,-0.4284542,0.0
50984,-0.10393457,0.0
51111,1.0146351,1.0
51128,-0.47221524,0.0
51135,-0.5553472,0.0
51143,0.76690835,1.0
51177,-0.4330648,0.0
51199,-0.7273126,0.0
51287,-0.45136255,0.0
51309,-0.94264376,0.0
51355,-0.49025202,0.0
51365,-0.69705886,0.0
51390,-0.18411712,0.0
51491,-0.82376397,0.0
51524,-0.46200857,0.0
51527,-0.8567069,0.0
51707,0.2784108,1.0
51827,-0.68138534,0.0
51860,-0.7103142,0.0
51931,0.9552673,1.0
51966,1.1048993,1.0
52096,-0.95413804,0.0
52145,0.3917039,1.0
52212,0.16766655,1.0
52219,0.25427377,1.0
52283,0.12543449,1.0
52292,-0.9031718,0.0
52296,-0.37319478,0.0
52328,-0.44632596,0.0
52382,-0.3926365,0.0
52384,-0.44064924,0.0
52414,-0.008388404,0.0
52446,-0.3615792,0.0
52533,-0.9152183,0.0
52593,-0.72388285,0.0
52598,-0.2018062,0.0
52646,-0.796266,0.0
52711,-0.5396969,0.0
52712,0.47100616,1.0
52732,0.43476936,1.0
52734,-0.23879337,0.0
52738,-0.89648235,0.0
52806,-0.8711271,0.0
52856,0.5716197,1.0
52867,-0.78203064,0.0
52952,0.31884718,1.0
53136,-0.27134952,0.0
53205,-0.698948,0.0
53360,-0.45008415,0.0
53376,-1.3142949,0.0
53387,-0.20113637,0.0
53397,-0.807842,0.0
53423,-0.39269575,0.0
53430,-0.09237597,0.0
53476,-1.1207286,0.0
53530,-0.5187163,0.0
53546,-0.51009625,0.0
53556,-0.8020198,0.0
53597,0.15041606,1.0
53604,-0.6156897,0.0
53685,-0.45171735,0.0
53735,-0.4269848,0.0
53761,-0.56229806,0.0
53785,0.28709176,1.0
53867,-0.10895182,0.0
53967,-0.73378956,0.0
53977,-0.6762543,0.0
53985,-0.7568393,0.0
54020,-0.47954878,0.0
54051,-0.12725073,0.0
54053,-0.4469392,0.0
54115,-0.19942114,0.0
54147,0.09007792,0.0
54187,-0.18798606,0.0
54203,0.21032906,1.0
54244,0.56768143,1.0
54309,-0.95118904,0.0
54352,-0.72645223,0.0
54470,-0.41223598,0.0
54581,0.32119367,1.0
54641,0.13657048,1.0
54654,-0.6991122,0.0
54710,-0.84200037,0.0
54767,-0.37839112,0.0
54813,-0.76060873,0.0
54921,-0.77338004,0.0
55000,-0.28743365,0.0
55025,-0.6261821,0.0
55035,-0.48051164,0.0
55101,-0.58831376,0.0
55124,-0.56553006,0.0
55151,-1.0961442,0.0
55174,-0.8214816,0.0
55213,-0.30196106,0.0
55386,-0.8410638,0.0
55415,-0.19869882,0.0
55467,1.2019134,1.0
55469,-0.12346587,0.0
55487,-0.36355704,0.0
55579,-0.57947105,0.0
55596,-0.29959032,0.0
55678,-0.17210272,0.0
55705,-0.088050716,0.0
55771,-0.18103409,0.0
55903,-0.86530274,0.0
55911,-0.10589961,0.0
55926,-0.2202837,0.0
55983,-0.39389667,0.0
56029,-0.59329623,0.0
56044,-0.63435537,0.0
56083,-0.9250669,0.0
56143,-0.86341226,0.0
56156,-0.95244884,0.0
56285,-0.82003003,0.0
56312,-0.017357077,0.0
56424,-0.8074042,0.0
56434,-0.35958093,0.0
56458,-0.40266356,0.0
56488,-0.34804052,0.0
56634,-1.0130166,0.0
56647,-0.57244945,0.0
56656,-0.10105428,0.0
56658,-0.3391885,0.0
56680,-0.39731345,0.0
56717,-1.0908304,0.0
56783,-0.70464814,0.0
56826,-0.06150315,0.0
56848,-0.05513908,0.0
56890,-0.7666216,0.0
56931,-0.53157175,0.0
57004,-0.16737159,0.0
57049,-0.1992306,0.0
57099,-0.30521658,0.0
57105,0.4026377,1.0
57115,-0.18993844,0.0
57128,-0.48574057,0.0
57145,-0.2646503,0.0
57196,-0.4555252,0.0
57213,-0.39050508,0.0
57254,-0.009415774,0.0
57282,-0.34584302,0.0
57292,-0.765872,0.0
57427,-0.49844235,0.0
57582,-0.1745336,0.0
57649,-0.44151196,0.0
57702,-0.76108193,0.0
57826,0.19013938,1.0
57832,-0.20097099,0.0
57895,-0.25087607,0.0
57900,-0.4008985,0.0
57940,0.21534824,1.0
58003,-0.0623982,0.0
58016,-0.48544788,0.0
58074,0.15098298,1.0
58077,-0.645324,0.0
58093,-0.47087526,0.0
58096,-0.15845913,0.0
58121,-0.62558526,0.0
58159,0.120465875,1.0
58188,-0.17788064,0.0
58244,-0.20201916,0.0
58278,-0.33480996,0.0
58308,-0.069591075,0.0
58330,-0.27290866,0.0
58363,-0.83445245,0.0
58418,-0.28794968,0.0
58550,0.75812525,1.0
58682,-0.31461778,0.0
58709,0.41486615,1.0
58724,-0.3202682,0.0
58732,0.35570046,1.0
58734,-0.4186987,0.0
58746,-0.3348446,0.0
58747,-0.3671006,0.0
58808,-0.47353193,0.0
58881,-0.34953505,0.0
58926,-0.81406385,0.0
58930,-0.18231028,0.0
58989,-0.92783976,0.0
58998,-0.1654493,0.0
59032,-0.18035477,0.0
59086,-0.056735374,0.0
59122,0.25875184,1.0
59154,-0.6396096,0.0
59210,-0.38227496,0.0
59216,-0.64162385,0.0
59268,-0.39624748,0.0
59465,-0.47705865,0.0
59474,0.043150526,0.0
59508,-0.5011705,0.0
59719,-0.18343307,0.0
59764,0.3409793,1.0
59853,-0.13779248,0.0
59930,-0.50330466,0.0
59945,0.29745558,1.0
59995,-0.508726,0.0
59997,-0.09293222,0.0
60031,-0.745729,0.0
60056,0.9786888,1.0
60059,-0.49255687,0.0
60167,0.522582,1.0
60249,-0.40922844,0.0
60265,0.34644458,1.0
60300,-0.21929349,0.0
60408,-0.51712555,0.0
60455,-0.43217707,0.0
60518,-0.2518706,0.0
60582,-0.38802564,0.0
60597,-0.42148992,0.0
60775,-0.067839205,0.0
60819,-0.26883715,0.0
60868,-0.43691844,0.0
60975,-0.3213055,0.0
61015,-0.61450356,0.0
61022,-0.68731904,0.0
61060,-0.25354403,0.0
61268,-0.4923284,0.0
61289,-0.013249644,0.0
61311,-0.5587831,0.0
61322,-0.43318844,0.0
61363,-0.42396373,0.0
61407,-0.5909095,0.0
61457,-0.4811549,0.0
61473,-0.88551146,0.0
61513,0.33657068,1.0
61514,-0.38242105,0.0
61520,-0.2277728,0.0
61543,-0.5528883,0.0
61552,0.3722225,1.0
61574,-0.9394533,0.0
61603,0.48995557,1.0
61643,-0.86984503,0.0
61652,-0.6376933,0.0
61677,-0.25376445,0.0
61774,0.39517042,1.0
61820,-0.71705014,0.0
61849,-0.28708357,0.0
61897,-0.6303256,0.0
61911,-0.4192011,0.0
62017,0.42734486,1.0
62077,-0.44906905,0.0
62107,-0.041566778,0.0
62149,-0.295324,0.0
62178,-0.15210086,0.0
62229,-0.55947024,0.0
62297,-0.43431172,0.0
62314,-0.43016854,0.0
62359,-0.19153143,0.0
62381,0.45133424,1.0
62395,-0.05132831,0.0
62453,-0.64125437,0.0
62470,0.22761685,1.0
62574,-0.4700999,0.0
62658,-0.37068138,0.0
62752,-0.3811701,0.0
62823,-0.7509261,0.0
62870,0.42932162,1.0
62873,-0.9321488,0.0
62927,-0.29423362,0.0
62966,-0.71398646,0.0
63035,0.507659,1.0
63057,-0.3931094,0.0
63184,-0.30255887,0.0
63193,-0.54730225,0.0
63202,-0.5219286,0.0
63222,0.3441903,1.0
63238,-0.206509,0.0
63297,-0.095485546,0.0
63385,-0.25473288,0.0
63512,-0.3171817,0.0
63547,-0.6439366,0.0
63610,-0.23147148,0.0
63749,-0.12591313,0.0
63902,-0.069347456,0.0
63960,0.46258825,1.0
64002,-0.42981413,0.0
64095,-0.88583785,0.0
64173,-0.87385386,0.0
64236,0.4600561,1.0
64310,-0.43097115,0.0
64311,-0.81183875,0.0
64312,0.8562827,1.0
64320,-0.09812649,0.0
64337,-0.21613769,0.0
64340,-0.71914196,0.0
64353,0.025447525,0.0
64483,-0.3721494,0.0
64487,-0.43681616,0.0
64603,-0.252019,0.0
64636,-0.59753597,0.0
64674,-0.4879523,0.0
64707,-0.59373677,0.0
64733,0.0036927648,0.0
64783,-0.5736779,0.0
64796,-0.55218583,0.0
64910,-0.6106456,0.0
64939,-0.52329963,0.0
65022,0.16882496,1.0
65062,-0.6686449,0.0
65075,-0.35237765,0.0
65347,-0.9995895,0.0
65420,0.2488899,1.0
65445,-0.66702753,0.0
65454,-0.40443748,0.0
65478,-0.03188113,0.0
65543,-0.46783748,0.0
65620,-0.7027849,0.0
65720,0.082011476,0.0
65740,1.1390171,1.0
65962,-0.20879072,0.0
65963,-0.4245519,0.0
65982,-0.13767923,0.0
66029,-0.42948416,0.0
66130,-0.53709155,0.0
66151,-0.5623538,0.0
66204,-0.2865273,0.0
66245,-0.29760605,0.0
66252,-0.1620689,0.0
66272,-0.87593377,0.0
66403,-0.4761681,0.0
66644,-0.13996312,0.0
66713,-0.76155746,0.0
66715,-0.60138345,0.0
66754,-0.078771695,0.0
66830,-0.6718585,0.0
66841,-0.5571836,0.0
66861,0.2485774,1.0
66922,-1.0730356,0.0
66940,-0.5764292,0.0
66993,-0.2969374,0.0
67022,-0.11452827,0.0
67074,-1.2610112,0.0
67116,0.2125532,1.0
67128,-0.8379315,0.0
67129,-0.44667703,0.0
67147,-0.12213535,0.0
67170,-0.57859474,0.0
67192,0.6792274,1.0
67193,-0.7464821,0.0
67225,0.08876829,0.0
67227,-0.6432573,0.0
67230,-0.33173272,0.0
67275,-0.2241168,0.0
67300,-0.14604428,0.0
67323,0.53329676,1.0
67451,-0.9056458,0.0
67693,-0.5779427,0.0
67698,-0.67278916,0.0
67718,-0.7341372,0.0
67737,-0.52978224,0.0
67873,-1.0494123,0.0
67907,-0.7586375,0.0
68000,-1.1134778,0.0
68007,-0.7380905,0.0
68093,1.07145,1.0
68124,-0.48259443,0.0
68159,-0.39430794,0.0
68174,-0.043205414,0.0
68191,-0.57266474,0.0
68279,-0.5942625,0.0
68361,-0.30460858,0.0
68397,-0.2871094,0.0
68494,-0.2755145,0.0
68510,0.77997667,1.0
68647,-0.40819362,0.0
68650,-0.22057779,0.0
68684,-0.79263896,0.0
68703,-0.51258016,0.0
68783,-0.5414721,0.0
68813,-1.0026021,0.0
68895,-0.443016,0.0
68902,-0.7449783,0.0
68904,0.0087610325,0.0
68924,-0.6897247,0.0
68974,-0.08447606,0.0
69021,-0.6628668,0.0
69045,-0.5621364,0.0
69139,-0.85652244,0.0
69142,-0.6301556,0.0
69228,-0.38040015,0.0
69246,-0.59440356,0.0
69282,-0.43720692,0.0
69335,-0.87009996,0.0
69345,-0.7669645,0.0
69364,-0.44401973,0.0
69503,-0.30469012,0.0
69647,-0.8222733,0.0
69656,-0.38259828,0.0
69693,-0.704734,0.0
69797,0.5135375,1.0
69818,-0.28230608,0.0
69848,-0.10926109,0.0
69934,-0.79613006,0.0
69937,-0.23476306,0.0
69956,-0.49917668,0.0
69998,-0.5706956,0.0
70022,-0.5111741,0.0
70042,-0.39501238,0.0
70080,-0.5626054,0.0
70149,-1.1879319,0.0
70173,-0.78019667,0.0
70189,-0.4502046,0.0
70247,-0.49833822,0.0
70255,-0.27850094,0.0
70278,-0.39578435,0.0
70310,-0.33639437,0.0
70319,-0.0614673,0.0
70338,-0.40839952,0.0
70353,0.12775233,1.0
70439,0.7258555,1.0
70471,-0.22075231,0.0
70607,-0.44603103,0.0
70722,-0.4182032,0.0
70732,-1.264124,0.0
70737,-0.5929263,0.0
70744,-0.42272344,0.0
70795,-0.10094374,0.0
70803,-0.58046484,0.0
70857,-0.730374,0.0
70889,-0.41812706,0.0
70907,-0.15182275,0.0
70940,-0.7015987,0.0
70954,-0.27580082,0.0
70993,0.003066472,0.0
71055,-0.39018306,0.0
71099,0.12172457,1.0
71273,-0.5747998,0.0
71285,-0.99676037,0.0
71481,-0.6423794,0.0
71506,-0.036505435,0.0
71507,0.2661441,1.0
71585,-0.33934748,0.0
71622,-0.7102131,0.0
71733,0.09028214,0.0
71740,-0.5285381,0.0
71745,-0.5804903,0.0
71753,-0.54174244,0.0
71774,-0.5358408,0.0
71784,-0.2451177,0.0
71799,0.07123886,0.0
71918,-0.6669891,0.0
72034,-0.41416013,0.0
72064,-0.7075294,0.0
72184,1.2671902,1.0
72258,-1.2042434,0.0
72336,0.3910596,1.0
72347,-0.67660004,0.0
72373,-0.71396667,0.0
72667,-0.26233572,0.0
72777,-0.021215467,0.0
72846,-0.8374038,0.0
72872,-0.715696,0.0
72985,-0.76545554,0.0
73025,-0.6113766,0.0
73028,-0.22298251,0.0
73033,-0.19227421,0.0
73049,-0.2981758,0.0
73067,-1.8263583,0.0
73086,-1.0317031,0.0
73146,-0.9150013,0.0
73162,-0.38035065,0.0
73198,-0.77089614,0.0
73294,-0.34359846,0.0
73349,0.33734897,1.0
73401,-0.6800578,0.0
73409,0.08970075,0.0
73414,-0.85875684,0.0
73415,-0.7162745,0.0
73423,-0.6606746,0.0
73577,-0.073576614,0.0
73716,-0.19169982,0.0
73792,-0.56808823,0.0
73809,-0.07972771,0.0
73812,0.009712111,0.0
73908,-0.59693736,0.0
73911,-0.37644383,0.0
73935,-0.6029052,0.0
73941,-0.37773818,0.0
74038,-0.19126259,0.0
74043,0.06583303,0.0
74153,-0.69851923,0.0
74276,-0.42199627,0.0
74324,-0.22762822,0.0
74378,-0.77592593,0.0
74408,-0.6912484,0.0
74424,0.24170178,1.0
74442,-0.42976257,0.0
74443,-0.21223177,0.0
74478,0.15220837,1.0
74662,-0.89301866,0.0
74776,-0.4449096,0.0
74781,0.033797108,0.0
74785,-0.48976102,0.0
74788,-0.33781457,0.0
74793,-0.6328857,0.0
74797,0.7909336,1.0
74839,-0.41292518,0.0
74932,-0.34030628,0.0
74982,-0.25895938,0.0
75067,-0.54276097,0.0
75078,-1.0981308,0.0
75134,-0.56226397,0.0
75209,-0.8051222,0.0
75251,0.22397931,1.0
75272,-0.65414995,0.0
75273,-0.83777386,0.0
75282,-0.45384067,0.0
75287,-0.40611833,0.0
75327,-0.82698005,0.0
75342,-0.5546743,0.0
75361,-0.36664417,0.0
75374,0.71943915,1.0
75415,-0.020635733,0.0
75427,0.08666198,0.0
75461,-0.83903694,0.0
75525,-0.008749998,0.0
75602,-0.30143565,0.0
75672,0.35433853,1.0
75689,-0.2527043,0.0
75762,-0.5086929,0.0
75763,-0.3382661,0.0
75832,-0.6658792,0.0
75840,-0.63696593,0.0
75858,-0.34721345,0.0
75875,-0.6121541,0.0
75991,-0.55254453,0.0
76210,-0.6983093,0.0
76240,-0.33346573,0.0
76303,-0.90290314,0.0
76313,-0.6614504,0.0
76316,-0.62883824,0.0
76368,-0.7475945,0.0
76482,-0.06492427,0.0
76495,-0.78274685,0.0
76529,-0.8600388,0.0
76531,-0.47392973,0.0
76543,-0.15510467,0.0
76563,0.08947897,0.0
76593,-0.40473697,0.0
76609,-0.6501936,0.0
76626,-0.032305945,0.0
76638,-0.5747128,0.0
76711,0.04015817,0.0
76743,-0.5855505,0.0
76759,-0.9884077,0.0
76916,-0.75800484,0.0
76935,-0.18105361,0.0
76949,-0.4029235,0.0
76968,-0.8305458,0.0
76982,-1.1779954,0.0
77027,-0.86715925,0.0
77040,-0.671928,0.0
77051,-0.6959391,0.0
77077,-0.6941608,0.0
77085,-0.2063634,0.0
77106,-0.016778903,0.0
77125,-0.18767919,0.0
77140,-0.5458006,0.0
77202,-0.31382018,0.0
77303,-0.3437641,0.0
77339,-0.022442821,0.0
77343,-0.17224766,0.0
77374,1.1973643,1.0
77469,-0.8362581,0.0
77498,-0.311234,0.0
77513,-0.7954714,0.0
77580,-0.13200067,0.0
77596,-0.284729,0.0
77608,-0.9693462,0.0
77639,-0.900845,0.0
77705,-0.6239279,0.0
77773,-0.22879508,0.0
77833,0.011317094,0.0
77855,0.36801067,1.0
77873,-0.81430495,0.0
77901,-1.256149,0.0
78006,-0.55473155,0.0
78243,-0.59367394,0.0
78296,0.19503242,1.0
78322,-0.18441449,0.0
78338,-0.39335003,0.0
78383,-0.5681919,0.0
78407,-0.350517,0.0
78485,-0.17776582,0.0
78513,-0.60849565,0.0
78518,-0.153328,0.0
78574,-0.26546696,0.0
78694,-0.7990511,0.0
78695,-0.4484008,0.0
78768,-0.78059137,0.0
78804,-0.71236026,0.0
78848,0.00029630878,0.0
78915,-0.253908,0.0
78944,-0.06307355,0.0
79023,-0.65739393,0.0
79130,-0.39237687,0.0
79170,-0.15562542,0.0
79223,-0.326961,0.0
79245,-0.7601429,0.0
79365,-0.6218683,0.0
79462,-0.3452427,0.0
79463,-0.78719836,0.0
79497,-0.4360586,0.0
79547,-0.3168635,0.0
79565,-1.0850828,0.0
79576,-0.36413082,0.0
79678,-0.4695223,0.0
79810,-0.7343573,0.0
79903,-0.4269814,0.0
80052,-0.017841123,0.0
80147,0.31165078,1.0
80182,0.054372173,0.0
80310,-0.39774615,0.0
80343,-0.41388,0.0
80360,-0.06863002,0.0
80401,-0.13816583,0.0
80510,-0.51689905,0.0
80519,-0.48796317,0.0
80528,-0.33162028,0.0
80573,-0.25960368,0.0
80623,-0.35363007,0.0
80629,-0.432751,0.0
80739,-1.0063012,0.0
80892,-0.5876985,0.0
80910,-0.5561003,0.0
80954,-0.34025702,0.0
81206,-0.5017563,0.0
81262,0.50141746,1.0
81276,-0.86624414,0.0
81301,0.046559654,0.0
81305,-0.18578853,0.0
81374,-0.19894502,0.0
81596,-0.07096516,0.0
81624,-0.90022063,0.0
81777,0.15911701,1.0
81779,-0.5602579,0.0
81814,-0.5733589,0.0
81836,-0.2570985,0.0
81927,-0.23592359,0.0
81930,0.4271818,1.0
81983,-0.113417186,0.0
82249,-0.89765483,0.0
82275,-0.60628307,0.0
82286,-0.49514228,0.0
82338,-0.59975135,0.0
82346,-0.66851795,0.0
82461,-0.8046973,0.0
82464,-0.5256912,0.0
82475,-0.89890367,0.0
82595,-0.8394035,0.0
82646,-0.6348185,0.0
82657,1.1510218,1.0
82700,-0.72086334,0.0
82705,-0.5006274,0.0
82738,-0.75717056,0.0
82768,-0.41333812,0.0
82812,-0.39353877,0.0
82848,0.08647246,0.0
82886,0.6748293,1.0
82942,-0.66673726,0.0
82978,-0.17889975,0.0
82980,-0.026261602,0.0
83012,-0.59905225,0.0
83048,-0.46047702,0.0
83091,-0.42994288,0.0
83294,-0.5332358,0.0
83326,-0.62219435,0.0
83375,0.12900205,1.0
83385,-1.0680505,0.0
83394,0.07572375,0.0
83419,-0.08349453,0.0
83438,-0.14258936,0.0
83640,-1.3479264,0.0
83706,-0.6494418,0.0
83791,-0.8390165,0.0
83827,-0.42292526,0.0
83858,-0.38257053,0.0
83874,0.39833942,1.0
83894,-0.15677881,0.0
83967,-0.6602025,0.0
84057,0.30421823,1.0
84159,-0.69991416,0.0
84183,-0.5374906,0.0
84239,0.96979874,1.0
84246,-0.31749237,0.0
84310,-0.25423324,0.0
84312,0.5572521,1.0
84383,0.5622054,1.0
84503,-0.84215814,0.0
84570,-0.4539652,0.0
84799,0.47221065,1.0
84830,0.2820994,1.0
84860,-0.61106324,0.0
84908,-0.31453687,0.0
84927,0.8054449,1.0
84954,-0.54843825,0.0
84991,-0.28353965,0.0
84997,-0.6255399,0.0
85042,0.25823116,1.0
85176,-0.37218913,0.0
85191,-0.5346665,0.0
85252,-0.4773016,0.0
85255,-0.710378,0.0
85260,-0.74352014,0.0
85288,-0.32131284,0.0
85358,-0.45840892,0.0
85371,0.85417765,1.0
85391,-0.82019573,0.0
85420,0.25478125,1.0
85495,-0.2203086,0.0
85571,1.0367097,1.0
85663,-0.9475298,0.0
85936,0.44494998,1.0
85982,0.3244322,1.0
86031,-0.111908756,0.0
86141,-0.53136563,0.0
86201,0.85572886,1.0
86265,-0.28567904,0.0
86367,-0.27439973,0.0
86423,-0.3417447,0.0
86444,-0.67003757,0.0
86447,-0.5080902,0.0
86465,-0.110580646,0.0
86579,-0.61439544,0.0
86761,-0.63434315,0.0
86822,0.5943978,1.0
86867,-0.3928907,0.0
86869,-0.09956943,0.0
86898,-0.4847817,0.0
86970,-0.061486676,0.0
86984,-0.37168884,0.0
87080,-0.8124045,0.0
87139,-0.61366963,0.0
87184,-0.380522,0.0
87202,-0.21758811,0.0
87237,-0.26080322,0.0
87267,-0.76208603,0.0
87284,-0.5872638,0.0
87292,-0.008168439,0.0
87335,-1.0984958,0.0
87336,-0.8587695,0.0
87532,-0.13222711,0.0
87617,0.47781003,1.0
87654,-0.029618062,0.0
87698,-0.7649175,0.0
87709,-0.20194903,0.0
87719,-0.38180333,0.0
87771,-0.33962086,0.0
87800,-0.3599651,0.0
87874,-0.2097737,0.0
87934,-0.71463865,0.0
87953,0.14580593,1.0
87960,-0.8123352,0.0
87969,-0.3137371,0.0
87978,0.34261638,1.0
87979,1.1813878,1.0
87998,-0.54268855,0.0
88079,-0.7834676,0.0
88096,-0.754234,0.0
88137,-0.70551217,0.0
88154,0.089423925,0.0
88215,-0.6741194,0.0
88260,-0.31733298,0.0
88345,0.22826652,1.0
88363,-0.08093637,0.0
88383,-0.54024744,0.0
88410,-0.42628232,0.0
88567,0.16324891,1.0
88659,0.1647443,1.0
88662,-0.4423029,0.0
88703,-0.7144058,0.0
88745,-0.5204277,0.0
88853,-0.7441221,0.0
88915,-0.38123864,0.0
88941,-0.48303446,0.0
88950,-0.58781385,0.0
89062,-0.7153071,0.0
89092,-0.8588366,0.0
89113,-0.021471422,0.0
89181,-0.5764109,0.0
89226,0.30754173,1.0
89287,-0.15664063,0.0
89422,-0.6917367,0.0
89467,0.33037117,1.0
89480,-0.9750931,0.0
89502,-0.4860619,0.0
89549,1.0007086,1.0
89643,0.23898783,1.0
89827,0.3037168,1.0
89901,-0.27371126,0.0
89927,-0.5490721,0.0
89940,-0.33005917,0.0
89951,-0.58616894,0.0
90081,-0.7921739,0.0
90114,-0.5453234,0.0
90150,0.30539522,1.0
90215,-0.071743146,0.0
90259,-0.66941,0.0
90312,-0.39018983,0.0
90537,-0.046453018,0.0
90580,-0.3686284,0.0
90603,-0.5051455,0.0
90608,-0.5028227,0.0
90772,-0.26597473,0.0
90843,-0.45849296,0.0
90900,-1.0619233,0.0
90913,-0.14767464,0.0
91010,0.06282479,0.0
91109,0.10296702,1.0
91175,-0.5889862,0.0
91254,-0.40100127,0.0
91272,-0.69785595,0.0
91276,-0.3804572,0.0
91492,-0.6740893,0.0
91496,0.09384364,0.0
91521,-0.2765438,0.0
91551,-0.57956177,0.0
91711,-0.755378,0.0
91739,-0.17164607,0.0
91840,-0.3302236,0.0
91874,-0.4226717,0.0
91883,0.89426255,1.0
91977,-0.3502471,0.0
92051,-0.5456636,0.0
92059,-0.4365967,0.0
92209,-0.4826068,0.0
92279,-0.46169505,0.0
92339,-1.034174,0.0
92358,0.688709,1.0
92428,-0.46656162,0.0
92531,-0.7506218,0.0
92542,-0.079484515,0.0
92546,-0.14336646,0.0
92725,-0.5484073,0.0
92961,-0.33628646,0.0
92964,-0.5423727,0.0
93036,-0.8394067,0.0
93191,-0.18417983,0.0
93204,-0.27588254,0.0
93379,-0.29779106,0.0
93398,-0.42124462,0.0
93515,-0.33975038,0.0
93633,-0.44935086,0.0
93702,-0.5328519,0.0
93782,-0.182783,0.0
93815,-0.33227143,0.0
93882,-0.6553158,0.0
93908,-0.10332017,0.0
93919,-0.44373858,0.0
94045,-0.5889614,0.0
94133,-0.44824457,0.0
94227,-0.3485982,0.0
94249,-0.33459416,0.0
94309,0.594805,1.0
94323,-0.67287123,0.0
94341,-0.71643406,0.0
94397,-0.37635094,0.0
94438,0.19997437,1.0
94499,0.7765343,1.0
94512,-0.7018093,0.0
94582,-0.44293752,0.0
94687,-0.6018006,0.0
94691,-0.47478542,0.0
94723,1.3581586,1.0
94725,-0.5788097,0.0
94812,-0.10145241,0.0
94887,-0.66400415,0.0
94921,-0.5396858,0.0
94987,-0.30035612,0.0
95009,-1.1590886,0.0
95049,-0.5172222,0.0
95143,-0.53588474,0.0
95251,-0.10797285,0.0
95256,-0.126876,0.0
95333,0.017616086,0.0
95392,-0.23287918,0.0
95393,-0.0008568025,0.0
95532,-0.48655653,0.0
95546,-0.5419237,0.0
95555,-0.55262995,0.0
95569,-0.36234152,0.0
95611,-0.5479648,0.0
95631,-0.32752067,0.0
95704,-0.6827756,0.0
95711,-0.19156253,0.0
95799,-0.2991781,0.0
95809,-0.6854682,0.0
95840,-0.8164949,0.0
95905,-0.31434968,0.0
96001,-0.12574501,0.0
96021,-0.7773103,0.0
96023,-0.44335726,0.0
96052,-0.45424256,0.0
96059,-0.13535953,0.0
96067,0.7793309,1.0
96147,-0.12269921,0.0
96285,-0.42168555,0.0
96313,-0.06894483,0.0
96323,-0.62081975,0.0
96389,0.52630574,1.0
96499,-0.6116212,0.0
96579,-0.35313982,0.0
96611,-0.17730372,0.0
96646,-0.29951692,0.0
96763,0.14464074,1.0
96843,-0.7140335,0.0
96866,-0.89916295,0.0
96971,-0.6627604,0.0
96997,-0.76641816,0.0
97209,-0.027427945,0.0
97324,-0.32351333,0.0
97346,-0.6836832,0.0
97473,-0.8458323,0.0
97539,-0.2495136,0.0
97584,-0.41306847,0.0
97585,-0.39884812,0.0
97622,-0.7871866,0.0
97652,0.05470832,0.0
97660,-0.2410816,0.0
97742,-0.3953483,0.0
97774,-0.48573387,0.0
97836,-0.1862181,0.0
97845,-0.44089553,0.0
97895,-0.18608972,0.0
98075,-0.4079482,0.0
98095,-0.6952433,0.0
98124,-0.20131354,0.0
98210,-0.42792377,0.0
98235,-0.23729366,0.0
98315,-0.39452568,0.0
98331,-0.4021126,0.0
98336,0.098644495,0.0
98431,0.18797028,1.0
98472,-0.62895876,0.0
98473,-0.15311071,0.0
98645,0.14583927,1.0
98661,-0.2230581,0.0
98667,-0.957779,0.0
98701,0.25677314,1.0
98706,0.30641478,1.0
98708,-0.30495238,0.0
98709,-0.1531977,0.0
98782,-0.49978718,0.0
98793,-0.42916337,0.0
98821,-0.64959997,0.0
98836,-0.59388804,0.0
98926,-0.6807216,0.0
98931,0.18236579,1.0
98969,0.25036532,1.0
98970,-0.6038951,0.0
99108,-0.33439308,0.0
99166,-0.48128232,0.0
99178,-0.058473144,0.0
99193,-0.23931576,0.0
99236,-0.4437737,0.0
99268,-0.50128984,0.0
99319,-0.3985617,0.0
99372,0.5366996,1.0
99381,-0.2723368,0.0
99440,-0.7468468,0.0
99464,0.3794731,1.0
99476,-0.64615285,0.0
99522,-0.75646883,0.0
99592,-0.44282272,0.0
99595,0.31459904,1.0
99612,-0.7216963,0.0
99637,-0.15352832,0.0
99671,-0.39392895,0.0
99714,-0.4605431,0.0
99748,-0.42127213,0.0
99766,-0.5325043,0.0
99826,-0.13104773,0.0
99838,-0.68437666,0.0
99846,-0.9088313,0.0
99936,-0.6476421,0.0
99953,-0.75476927,0.0
99993,-0.30016032,0.0
100107,-0.8357338,0.0
100276,-0.78495246,0.0
100291,-0.23316757,0.0
100299,-0.5393536,0.0
100300,-0.6203891,0.0
100309,-0.5947014,0.0
100346,-0.2601979,0.0
100405,-0.4599836,0.0
100417,-0.24270435,0.0
100426,0.21604013,1.0
100506,-0.2721879,0.0
100534,0.09294118,0.0
100594,-0.39414024,0.0
100790,-0.75385535,0.0
100833,-0.737004,0.0
100904,-0.83827037,0.0
100958,-0.37024614,0.0
100974,0.25404325,1.0
100995,-0.44759244,0.0
101040,-0.11021391,0.0
101045,0.18140686,1.0
101054,-0.27003828,0.0
101061,-0.7179511,0.0
101063,-0.8452547,0.0
101066,-0.5896243,0.0
101126,0.036417637,0.0
101226,-0.6048488,0.0
101258,0.023132265,0.0
101457,-0.7277373,0.0
101471,-0.6493136,0.0
101501,-1.0044613,0.0
101598,-0.5049563,0.0
101625,-0.5003025,0.0
101903,-0.50095767,0.0
101915,-0.57095563,0.0
101917,-0.34422562,0.0
101955,-0.20170839,0.0
102054,0.0147504,0.0
102070,-0.29010427,0.0
102109,-0.3593636,0.0
102129,0.37893915,1.0
102234,-0.3937082,0.0
102291,-0.47372243,0.0
102348,-0.61178887,0.0
102439,-0.22702298,0.0
102462,-0.84204054,0.0
102470,-0.822364,0.0
102531,0.7733136,1.0
102545,-0.8897463,0.0
102585,-0.22292474,0.0
102599,-0.59829825,0.0
102611,-0.47523734,0.0
102634,-0.6415356,0.0
102675,-0.590319,0.0
102678,-0.60928625,0.0
102679,-0.20474577,0.0
102702,-0.033355244,0.0
102751,-0.060026433,0.0
102935,-0.3940073,0.0
103058,-0.0878093,0.0
103072,-0.22994483,0.0
103082,-0.101670995,0.0
103122,-0.5862814,0.0
103215,-0.7161129,0.0
103284,-0.6271536,0.0
103428,0.47020134,1.0
103516,0.0317089,0.0
103618,-0.7374865,0.0
103623,-0.36395362,0.0
103630,-0.48360923,0.0
103663,-0.89179397,0.0
103766,0.5383041,1.0
103800,0.10759068,1.0
103869,-0.42957044,0.0
103881,-0.8041033,0.0
103907,-0.27474743,0.0
103965,-0.47361752,0.0
104160,-0.637412,0.0
104215,-0.31996152,0.0
104264,-0.09728751,0.0
104492,-0.5881981,0.0
104584,0.22752035,1.0
104712,-0.21766692,0.0
104817,-0.502743,0.0
104835,0.20820192,1.0
104896,-0.53891605,0.0
105016,0.32851124,1.0
105027,-0.80547994,0.0
105099,-0.42475772,0.0
105209,-0.4656643,0.0
105236,-0.43288475,0.0
105329,-0.6844757,0.0
105361,-0.37966165,0.0
105440,-0.18473934,0.0
105518,-0.6528913,0.0
105560,0.0963077,0.0
105568,-0.13260852,0.0
105639,-0.8008233,0.0
105993,-0.15078741,0.0
105997,-0.7681091,0.0
106111,0.980709,1.0
106152,-0.62974894,0.0
106177,-0.06846507,0.0
106195,-1.1094177,0.0
106263,-0.44557905,0.0
106283,-0.906824,0.0
106291,-0.2786717,0.0
106411,-0.3012626,0.0
106423,0.91224957,1.0
106487,-0.34785318,0.0
106673,-0.25526464,0.0
106699,-0.21390109,0.0
106709,-0.4266976,0.0
106749,-0.5521695,0.0
106847,-0.5005092,0.0
106895,-0.4229335,0.0
106960,-0.24144447,0.0
106983,-0.41477904,0.0
106992,-0.33600157,0.0
107108,-0.48626304,0.0
107115,-0.30762237,0.0
107183,-0.6684155,0.0
107216,-0.60190815,0.0
107259,-0.30032367,0.0
107266,-0.49943227,0.0
107318,-0.6471353,0.0
107466,-0.54743886,0.0
107571,-0.79949635,0.0
107600,0.04772736,0.0
107643,-0.22966069,0.0
107645,-0.60775155,0.0
107662,-0.693187,0.0
107718,-0.2830748,0.0
107737,0.98792934,1.0
107768,-0.48447147,0.0
107814,-0.8886269,0.0
107894,-0.5649638,0.0
107903,-0.28090858,0.0
107991,-0.6366621,0.0
108010,-0.6732962,0.0
108107,-0.6785248,0.0
108183,-0.18090823,0.0
108238,-0.56585634,0.0
108451,-0.8861049,0.0
108461,-0.51673025,0.0
108648,-0.6841423,0.0
108693,-0.31777376,0.0
108757,0.66137624,1.0
108905,-0.98012996,0.0
108914,0.3412509,1.0
108929,-0.9488066,0.0
109014,0.2720313,1.0
109084,-0.64301425,0.0
109109,-0.049950223,0.0
109142,-1.1943189,0.0
109162,-0.81564623,0.0
109256,-0.512743,0.0
109508,-0.3499948,0.0
109529,-0.09879989,0.0
109541,-0.28208324,0.0
109554,0.31612682,1.0
109748,-0.799722,0.0
109839,-0.4400301,0.0
109905,0.017861288,0.0
109912,-0.45230624,0.0
109976,-0.87641066,0.0
110077,-0.65361136,0.0
110118,-0.4334085,0.0
110241,-0.31765807,0.0
110415,-0.22545663,0.0
110458,-0.094730206,0.0
110517,-0.7277319,0.0
110590,0.052115653,0.0
110852,-0.37854436,0.0
110870,-0.15737635,0.0
110876,-0.20165308,0.0
111027,0.66043305,1.0
111097,-0.77145976,0.0
111164,-0.44002587,0.0
111176,-0.55522674,0.0
111250,-0.2670112,0.0
111353,0.61201406,1.0
111483,-0.33640817,0.0
111724,-0.55595464,0.0
111860,-1.0170233,0.0
111940,0.48630545,1.0
111968,-0.30632564,0.0
111995,-0.81746197,0.0
112117,-0.82300603,0.0
112158,-0.29092476,0.0
112382,0.059719462,0.0
112386,0.19989842,1.0
112411,0.33806393,1.0
112498,-0.043246314,0.0
112851,-0.27147448,0.0
113082,-0.14956021,0.0
113104,-0.8197064,0.0
113140,-0.89809746,0.0
113267,-0.67108554,0.0
113279,-0.040335298,0.0
113309,-0.2702111,0.0
113316,-1.045219,0.0
113423,-0.60168093,0.0
113474,0.48312888,1.0
113485,0.049287908,0.0
113512,-0.7964515,0.0
113514,-0.44815075,0.0
113548,-0.12763578,0.0
113632,-0.6846142,0.0
113636,0.026038779,0.0
113679,-0.2536961,0.0
113699,-0.18260011,0.0
113700,-0.40592426,0.0
113701,0.04301816,0.0
113702,-0.09558944,0.0
113716,-0.46914956,0.0
113803,0.22679581,1.0
113851,-0.57997406,0.0
113913,-0.52624077,0.0
113928,-0.40599135,0.0
113933,-0.11636889,0.0
114059,-0.6720164,0.0
114153,0.007384849,0.0
114162,-0.5651053,0.0
114166,-0.506568,0.0
114182,-0.66597754,0.0
114209,-0.42261487,0.0
114368,-0.5821216,0.0
114381,-0.48113415,0.0
114461,-0.5355264,0.0
114481,0.30280703,1.0
114594,-0.35275823,0.0
114609,-0.4968018,0.0
114643,1.1122274,1.0
114676,-0.37212735,0.0
114685,-0.25063488,0.0
114733,-0.1548247,0.0
114804,-0.7102619,0.0
114823,-0.4941161,0.0
114941,-0.5203788,0.0
114960,-0.9564195,0.0
114961,-0.6116792,0.0
114980,-0.6974273,0.0
115004,0.21548307,1.0
115021,-0.20255849,0.0
115027,-0.30421498,0.0
115028,-0.012059983,0.0
115057,-0.90864545,0.0
115090,-0.31220886,0.0
115114,-0.28508523,0.0
115118,-0.89597195,0.0
115129,0.25291714,1.0
115150,-0.56333506,0.0
115153,-0.10191004,0.0
115156,-0.112793,0.0
115162,-0.3640928,0.0
115173,-0.10870862,0.0
115186,-0.17762193,0.0
115188,-0.11119069,0.0
115193,-0.43614033,0.0
115263,-0.5264025,0.0
115264,-0.8763256,0.0
115271,0.011453654,0.0
115314,-0.29386196,0.0
115326,-0.4438022,0.0
115341,-1.0836703,0.0
115344,-0.6327771,0.0
115356,-0.3686659,0.0
115389,-0.44457895,0.0
115396,-0.69054985,0.0
115436,-0.12608741,0.0
115468,-0.26245672,0.0
115489,0.6582137,1.0
115544,-0.32552987,0.0
115602,-0.205043,0.0
115643,-0.031115938,0.0
115675,0.18398303,1.0
115707,0.1242526,1.0
115717,0.6655736,1.0
115745,-0.5422015,0.0
115747,-0.40390575,0.0
115748,-0.6602024,0.0
115752,0.39556006,1.0
115754,-0.6965187,0.0
115771,-0.8011807,0.0
115815,-0.636094,0.0
115823,-0.10126455,0.0
115869,-0.54788804,0.0
115877,-0.07394066,0.0
115905,-0.3866228,0.0
115926,-0.6373146,0.0
116037,-0.32354477,0.0
116094,-0.088190116,0.0
116113,0.61544394,1.0
116123,-0.58140475,0.0
116131,-0.72652185,0.0
116157,-0.36358914,0.0
116187,-0.299388,0.0
116231,-0.7822772,0.0
116233,-0.7142457,0.0
116237,-0.040081922,0.0
116264,-0.2259752,0.0
116359,-0.57998544,0.0
116378,-0.67557293,0.0
116383,0.46250358,1.0
116384,-0.9539612,0.0
116452,-0.056867894,0.0
116457,-0.2487292,0.0
116458,-0.6140024,0.0
116506,-0.8640556,0.0
116572,-0.39609525,0.0
116583,-0.25508347,0.0
116592,-0.41004205,0.0
116599,-0.9408221,0.0
116602,-0.6191633,0.0
116739,-0.6426012,0.0
116756,0.48966166,1.0
116878,-0.9971512,0.0
116883,-0.22204721,0.0
116921,-0.29526055,0.0
116959,-0.38954988,0.0
116967,0.026407024,0.0
116970,-0.54307985,0.0
117023,-0.5672274,0.0
117140,0.24418218,1.0
117151,-0.2616678,0.0
117190,0.62740755,1.0
117209,-0.2487146,0.0
117217,-0.27244332,0.0
117234,-0.43302327,0.0
117242,-0.36016604,0.0
117260,-0.09475375,0.0
117268,-0.31658414,0.0
117289,-0.5320412,0.0
117299,-0.4537082,0.0
117303,-0.83135086,0.0
117325,-0.8861156,0.0
117434,-0.29689398,0.0
117549,-0.57280344,0.0
117557,-0.5636702,0.0
117570,0.24849834,1.0
117612,-0.1856451,0.0
117636,-0.24208969,0.0
117676,-0.59973,0.0
117680,-0.43117914,0.0
117832,-0.66591835,0.0
117854,-0.29914665,0.0
117875,-0.23779047,0.0
117937,-0.06508342,0.0
117966,-0.63726497,0.0
118038,-0.52700454,0.0
118071,-0.06696682,0.0
118074,-0.652999,0.0
118146,-0.43652448,0.0
118180,-1.2448872,0.0
118206,0.45094138,1.0
118243,-0.4235199,0.0
118259,-0.78900945,0.0
118272,-0.36214247,0.0
118316,-0.23555556,0.0
118332,-0.7239002,0.0
118386,0.63882875,1.0
118412,-0.35685453,0.0
118458,0.4042727,1.0
118476,1.1709199,1.0
118490,0.5468954,1.0
118501,-0.3641175,0.0
118578,-0.08047157,0.0
118594,-0.6524586,0.0
118599,-0.11469403,0.0
118690,-0.49501476,0.0
118718,-0.20973727,0.0
118722,-0.25964475,0.0
118753,-0.7518995,0.0
118766,-0.33156824,0.0
118857,0.2233062,1.0
118924,-0.4982577,0.0
118966,-0.50601846,0.0
118974,-0.5850606,0.0
119011,-0.44902968,0.0
119024,-0.5676045,0.0
119027,-0.3478166,0.0
119048,-0.97732097,0.0
119147,-0.7451722,0.0
119197,-0.21047562,0.0
119330,-0.06924087,0.0
119335,-0.51987654,0.0
119376,-0.3541844,0.0
119483,-0.92898124,0.0
119504,-0.30208403,0.0
119509,0.3260413,1.0
119534,-0.4805794,0.0
119563,-0.107998565,0.0
119644,-0.54475576,0.0
119653,-0.49054873,0.0
119688,-0.1482465,0.0
119770,1.0879846,1.0
119775,-0.89243925,0.0
119870,0.06009859,0.0
119910,-0.46146715,0.0
119947,-0.90818703,0.0
120115,0.82852644,1.0
120120,0.02816923,0.0
120256,0.20299424,1.0
120289,-0.623701,0.0
120331,-0.469033,0.0
120347,-0.6888569,0.0
120491,-0.096482195,0.0
120526,-0.59554076,0.0
120589,-0.013597913,0.0
120595,-0.36972088,0.0
120601,-0.6162683,0.0
120627,0.09888846,0.0
120748,0.45099202,1.0
120755,-0.76138824,0.0
120761,0.2667011,1.0
120905,-0.17620413,0.0
120932,-0.2985036,0.0
120955,0.1527493,1.0
121062,-0.7748486,0.0
121186,-0.8706277,0.0
121215,-0.3665996,0.0
121279,-0.35957155,0.0
121285,0.86926,1.0
121361,-0.7077507,0.0
121373,0.51533335,1.0
121477,-0.5396461,0.0
121516,-0.45573384,0.0
121626,-0.37473527,0.0
121627,0.405994,1.0
121638,-0.5767616,0.0
121649,-0.6614355,0.0
121652,-0.7883594,0.0
121678,0.3985355,1.0
121787,0.4869856,1.0
121842,0.35034388,1.0
121851,-0.6882067,0.0
121852,-0.35856402,0.0
121917,-0.37454066,0.0
121969,-0.35130975,0.0
122064,-0.10618105,0.0
122119,-0.2503076,0.0
122214,-0.23071744,0.0
122273,-0.54132855,0.0
122286,-0.3311059,0.0
122390,-0.18763039,0.0
122418,-0.48977053,0.0
122425,-0.48299235,0.0
122729,0.8437199,1.0
122732,-0.8725085,0.0
122822,-0.51785403,0.0
122967,-0.18046199,0.0
122987,0.06327098,0.0
123053,-0.07964428,0.0
123055,-0.1322583,0.0
123104,-0.10087246,0.0
123160,0.13170537,1.0
123324,-0.23036635,0.0
123370,-0.34609103,0.0
123432,-0.24122,0.0
123468,-0.31852755,0.0
123511,-0.32693246,0.0
123765,-0.17376953,0.0
123868,-0.26045915,0.0
123991,-0.5854796,0.0
123992,-0.28448507,0.0
124050,-0.78431964,0.0
124107,-0.75291425,0.0
124193,-0.02517677,0.0
124225,-0.16545258,0.0
124245,-0.747955,0.0
124291,-0.53450775,0.0
124365,-0.37087902,0.0
124535,0.81419504,1.0
124709,-0.6469395,0.0
124793,0.7036221,1.0
124859,-0.3522535,0.0
124875,-0.25871325,0.0
124906,-0.6370791,0.0
124937,-0.6943417,0.0
124974,-0.3907119,0.0
125047,-0.5926635,0.0
125095,-0.24989069,0.0
125223,-0.31429118,0.0
125295,-0.5887193,0.0
125310,-0.62355494,0.0
125429,-0.27764848,0.0
125658,-0.2068301,0.0
125725,-0.13063084,0.0
125734,-0.45209435,0.0
125847,0.6660469,1.0
125889,-0.008069006,0.0
125969,-0.80914724,0.0
125988,-0.2721276,0.0
126006,-0.6288494,0.0
126179,-0.3535519,0.0
126184,-0.02880126,0.0
126259,-0.45911536,0.0
126348,-0.14367855,0.0
126363,0.7686494,1.0
126486,-0.504639,0.0
126565,-0.86369383,0.0
126612,-0.9563783,0.0
126626,-1.011604,0.0
126751,-0.33291578,0.0
126877,-1.5159361,0.0
126907,-0.932762,0.0
127085,-0.49323785,0.0
127150,-0.015999302,0.0
127167,-0.89599836,0.0
127184,-0.36618537,0.0
127285,-0.28525245,0.0
127369,-0.56925064,0.0
127392,-1.0339452,0.0
127413,-0.6642535,0.0
127506,-0.60696155,0.0
127677,-0.4273854,0.0
127739,-0.19716749,0.0
127786,1.2692744,1.0
127843,-0.9533328,0.0
127867,-0.42539826,0.0
127945,-0.48343688,0.0
127948,-0.5516784,0.0
127950,-0.49695614,0.0
128000,-0.8889741,0.0
128028,-0.90255374,0.0
128102,-0.45874235,0.0
128145,-0.6600944,0.0
128146,-0.5339175,0.0
128148,0.08589012,0.0
128208,-0.8112516,0.0
128464,-0.33685428,0.0
128476,-0.22876005,0.0
128619,0.28477433,1.0
128633,0.04699166,0.0
128685,-0.7483833,0.0
128743,-0.7094375,0.0
128790,-0.019844806,0.0
128791,-0.40491804,0.0
128829,-0.7289099,0.0
128916,-0.460731,0.0
128949,-0.5748334,0.0
129206,-0.6785702,0.0
129217,-0.65456,0.0
129270,-0.9212113,0.0
129303,-0.2516665,0.0
129314,-0.32061523,0.0
129356,-0.20757212,0.0
129386,-0.8132404,0.0
129421,0.16897963,1.0
129463,-0.5584942,0.0
129486,0.11762471,1.0
129520,-0.29034027,0.0
129620,-0.7577652,0.0
129624,-0.38114008,0.0
129666,-0.6003679,0.0
129838,-0.78226566,0.0
129923,0.37052184,1.0
129985,-0.16225512,0.0
130036,0.11667667,1.0
130094,0.49829414,1.0
130188,-0.030622074,0.0
130195,-0.40269753,0.0
130225,-0.4297442,0.0
130256,-1.0924628,0.0
130290,-0.7514449,0.0
130313,-0.14795026,0.0
130372,-0.53834915,0.0
130516,-0.3550449,0.0
130555,0.05397866,0.0
130766,-0.56098473,0.0
130797,-0.7249308,0.0
131006,-0.18055946,0.0
131168,-0.8657745,0.0
131188,-0.26318282,0.0
131197,-0.13182274,0.0
131283,-0.33678815,0.0
131373,0.39696148,1.0
131397,-0.79342926,0.0
131483,-0.4111737,0.0
131558,-0.29403317,0.0
131559,-1.0972931,0.0
131560,0.264559,1.0
131565,-0.09179832,0.0
131602,-0.16176528,0.0
131658,-0.2716356,0.0
131813,-0.25498444,0.0
131834,-0.46396527,0.0
131849,-0.31793803,0.0
131923,-0.5063243,0.0
131962,-0.50266033,0.0
131999,-1.1526159,0.0
132012,-0.52083606,0.0
132025,-0.36942527,0.0
132093,-0.060899943,0.0
132109,-0.450235,0.0
132227,-0.19372243,0.0
132280,-0.43456054,0.0
132289,-0.51851404,0.0
132327,-0.1463276,0.0
132355,-0.19170026,0.0
132418,-0.26954708,0.0
132459,-0.43526462,0.0
132513,-0.39096588,0.0
132864,0.60372204,1.0
132872,-0.47126296,0.0
132905,-0.7821468,0.0
132921,0.6515504,1.0
132930,-0.8001256,0.0
133336,-0.13163337,0.0
133441,-0.4816153,0.0
133690,-0.41145867,0.0
133776,-1.0248619,0.0
133779,-0.66188884,0.0
133844,-0.669898,0.0
133964,-0.311867,0.0
134024,-0.18138868,0.0
134216,0.00312989,0.0
134257,-0.48098287,0.0
134368,-0.60360044,0.0
134893,-0.151926,0.0
134960,0.032457124,0.0
135007,-0.45617506,0.0
135173,-0.5396791,0.0
135191,-0.4955528,0.0
135267,-0.46925995,0.0
135302,-0.7716393,0.0
135360,-0.40978423,0.0
135420,0.2583004,1.0
135455,0.90962493,1.0
135456,1.2573963,1.0
135520,-0.30095834,0.0
135579,-0.6557702,0.0
135589,-0.38385603,0.0
135663,-0.8430955,0.0
135914,0.02533553,0.0
135937,-0.82084346,0.0
135975,-0.54038584,0.0
135980,-0.31508026,0.0
135983,-0.27490008,0.0
136024,-0.030862309,0.0
136031,-0.3153132,0.0
136102,-0.6342253,0.0
136127,-0.67006713,0.0
136169,-0.6270983,0.0
136172,-0.14539942,0.0
136261,-0.54106504,0.0
136265,-0.43267274,0.0
136282,-0.8440733,0.0
136286,-0.40904036,0.0
136367,-0.282329,0.0
136396,-0.7556766,0.0
136400,-0.42218474,0.0
136564,-0.5933207,0.0
136584,-0.79583716,0.0
136603,-0.12873316,0.0
136660,0.2166631,1.0
136699,-0.5081597,0.0
136717,-0.12175679,0.0
136744,-0.34295535,0.0
136771,-0.8718769,0.0
136842,-0.2658852,0.0
136869,-0.3877691,0.0
136897,-0.36091498,0.0
136990,-1.0110917,0.0
137004,-0.5761062,0.0
137045,1.0091109,1.0
137108,0.027565844,0.0
137360,-0.40615556,0.0
137392,-0.35815394,0.0
137430,-0.84943885,0.0
137494,-0.22776257,0.0
137542,-0.51143044,0.0
137656,-0.03238411,0.0
137836,0.065336995,0.0
138034,-0.92836666,0.0
138057,-0.3321921,0.0
138111,-0.52714443,0.0
138118,-1.0553019,0.0
138166,-0.5887003,0.0
138191,-0.8391808,0.0
138233,-0.11359392,0.0
138253,-0.34365356,0.0
138334,-0.67666453,0.0
138354,-0.70891666,0.0
138370,-0.34529594,0.0
138403,0.51937306,1.0
138479,-0.48935547,0.0
138524,-0.42403224,0.0
138643,-0.011534752,0.0
138675,-0.28486043,0.0
138780,-0.33150902,0.0
138791,-0.5687271,0.0
138812,-0.3303443,0.0
138817,0.6306002,1.0
139025,-0.6267509,0.0
139165,-0.74294734,0.0
139228,-0.44214112,0.0
139328,-0.4581786,0.0
139392,-0.7242066,0.0
139427,-0.48561123,0.0
139920,-0.31730336,0.0
139930,1.1090307,1.0
139969,0.600366,1.0
140121,-0.45500368,0.0
140122,-0.4273251,0.0
140127,-0.5219195,0.0
140180,-0.18496734,0.0
140255,-0.7636645,0.0
140258,-0.15966971,0.0
140398,0.7813427,1.0
140404,-0.20831071,0.0
140512,-0.15657598,0.0
140592,-0.58458775,0.0
140601,-0.79534036,0.0
140640,-0.61671704,0.0
140649,-0.6156776,0.0
140713,-0.3664541,0.0
140760,-0.19284785,0.0
140846,0.68341076,1.0
140887,-0.7890713,0.0
140957,-0.4790476,0.0
141088,-0.2794978,0.0
141132,-0.33040324,0.0
141163,-0.10097457,0.0
141191,-0.1844111,0.0
141235,0.6161796,1.0
141258,-0.9172916,0.0
141280,-0.019776044,0.0
141347,-0.47818446,0.0
141480,-0.48432487,0.0
141497,-0.5352245,0.0
141524,-0.36905771,0.0
141595,-0.5131584,0.0
141753,-0.58877915,0.0
141759,0.5035232,1.0
141777,-0.3518822,0.0
141931,-0.75455284,0.0
142008,-0.84888893,0.0
142212,-0.3685586,0.0
142266,-1.0905857,0.0
142338,-1.0666509,0.0
142396,-0.54971105,0.0
142494,-0.19147684,0.0
142496,-0.5426137,0.0
142692,-0.5593154,0.0
142715,-0.22870244,0.0
142898,-0.99553055,0.0
142954,0.3853513,1.0
142975,-0.4671918,0.0
143196,-0.12900256,0.0
143222,-0.78045297,0.0
143283,-0.41944566,0.0
143379,-0.60548544,0.0
143398,-0.43817788,0.0
143401,-0.27199703,0.0
143559,-0.9996047,0.0
143589,0.7443032,1.0
144259,-0.38340655,0.0
144338,-0.30904967,0.0
144347,-0.0040897103,0.0
144407,-0.014396827,0.0
144543,-0.33531475,0.0
144559,-0.15533496,0.0
144653,-0.58290637,0.0
144801,0.27971652,1.0
144963,-1.1183313,0.0
145203,-0.60430586,0.0
145214,-0.20144233,0.0
145349,-0.10608311,0.0
145401,0.53884214,1.0
145578,-0.5453725,0.0
145584,-0.11006403,0.0
145681,-0.2891782,0.0
145706,0.16533749,1.0
145734,-0.008414239,0.0
145921,-0.3658654,0.0
145952,-0.5660072,0.0
145959,-0.73528844,0.0
146002,-0.47795084,0.0
146054,-0.43691882,0.0
146059,-0.63008785,0.0
146239,-0.35064623,0.0
146361,-0.21504408,0.0
146387,-0.45691556,0.0
146415,-0.36167738,0.0
146473,0.09095225,0.0
146531,-0.38789326,0.0
146566,-0.7806788,0.0
146588,-0.27191424,0.0
146628,-0.05374595,0.0
146755,-0.51188874,0.0
146758,-0.28862354,0.0
146832,-0.354584,0.0
146920,-0.47455135,0.0
146936,-0.22462998,0.0
146991,1.2400299,1.0
147049,-0.6482351,0.0
147079,-0.39645728,0.0
147126,-0.3362924,0.0
147134,-0.24172196,0.0
147228,-0.14481047,0.0
147233,-0.71667904,0.0
147238,0.47905552,1.0
147342,-0.57367396,0.0
147352,0.44556162,1.0
147434,-0.5131467,0.0
147511,-0.8304552,0.0
147512,-0.68670076,0.0
147604,-0.5643815,0.0
147657,-0.8725345,0.0
147956,0.79576236,1.0
148059,-0.096827954,0.0
148074,-0.71575975,0.0
148262,-0.4113647,0.0
148297,-0.54774386,0.0
148348,-0.4257176,0.0
148532,-0.6780071,0.0
148538,-0.42246708,0.0
148556,0.26513806,1.0
148594,-0.031714067,0.0
148660,-0.33433244,0.0
148742,-0.4973322,0.0
148747,-0.90188026,0.0
148751,-0.82279664,0.0
148792,-0.3354171,0.0
148857,0.14363919,1.0
149004,-0.29782096,0.0
149126,-0.84904695,0.0
149141,0.22792569,1.0
149155,-0.3680768,0.0
149300,-0.74296206,0.0
149315,0.09867643,0.0
149402,-0.2369727,0.0
149593,-0.3788972,0.0
149629,-0.25708136,0.0
149928,-0.11432286,0.0
149961,-0.7712913,0.0
150016,-0.34661078,0.0
150046,-1.0091615,0.0
150061,-0.94922686,0.0
150259,-0.2936902,0.0
150271,0.77275544,1.0
150518,-0.24945936,0.0
150683,-0.49672124,0.0
150776,-0.6983069,0.0
150789,-0.9442961,0.0
151044,0.630583,1.0
151061,-0.5710701,0.0
151126,0.055797435,0.0
151175,0.10560687,1.0
151229,0.29225928,1.0
151278,-1.0020939,0.0
151291,-0.56841165,0.0
151408,0.06775205,0.0
151483,0.26601568,1.0
151515,-0.8408667,0.0
151522,0.058742933,0.0
151551,-0.6457829,0.0
151597,-0.4720198,0.0
151602,-0.3663342,0.0
151622,-0.018538317,0.0
151635,-0.9201155,0.0
151652,-0.49932054,0.0
151742,-0.29881802,0.0
151779,-0.26326355,0.0
151929,-0.19036631,0.0
152127,-0.4194754,0.0
152405,0.19964917,1.0
152422,-0.38277608,0.0
152531,-0.67794025,0.0
152532,-0.563972,0.0
152548,-0.27160233,0.0
152649,1.0432178,1.0
152702,-0.5831891,0.0
152888,-0.4062599,0.0
152901,-0.5661307,0.0
152942,-0.13998505,0.0
152947,-0.5730128,0.0
152960,0.6807433,1.0
152977,-0.5157004,0.0
152986,-0.56733096,0.0
153002,-0.39172298,0.0
153079,-0.22413841,0.0
153083,-0.60715073,0.0
153135,-0.7353157,0.0
153175,0.040547855,0.0
153182,-0.094453126,0.0
153342,-0.47406062,0.0
153469,0.9596317,1.0
153474,-0.67605996,0.0
153549,-0.5429332,0.0
153647,-1.0321913,0.0
153663,-0.83185226,0.0
153694,-0.2699087,0.0
153698,-0.40471864,0.0
153745,-0.5907031,0.0
153747,-0.54584455,0.0
153760,-0.009190631,0.0
153789,-0.4112074,0.0
153796,-0.724751,0.0
153804,-0.8932801,0.0
153865,-0.29049012,0.0
153884,-0.7765771,0.0
153895,-0.6612385,0.0
153905,-0.20104593,0.0
153926,-0.360385,0.0
153929,-0.36042765,0.0
154008,0.16375995,1.0
154034,0.57925284,1.0
154038,-0.2698963,0.0
154091,-0.6958562,0.0
154121,-0.47275758,0.0
154157,-0.007354464,0.0
154161,-0.34769854,0.0
154174,-0.26320186,0.0
154179,-0.14128157,0.0
154199,-0.009149954,0.0
154213,0.048563797,0.0
154231,0.2963144,1.0
154243,-0.27519628,0.0
154375,-0.63022757,0.0
154432,-0.0107051255,0.0
154447,-0.9322709,0.0
154456,-0.61984664,0.0
154506,0.7044828,1.0
154518,-0.42044276,0.0
154531,-0.5677706,0.0
154582,-0.3313483,0.0
154631,-0.43128774,0.0
154658,-1.0015153,0.0
154665,-0.4464173,0.0
154708,-0.14462082,0.0
154879,-0.5669617,0.0
154883,0.8859603,1.0
154914,0.016869389,0.0
154964,-1.300693,0.0
154969,-0.5472146,0.0
155031,-1.0717057,0.0
155109,0.91039485,1.0
155118,-0.5034584,0.0
155189,-0.25902078,0.0
155253,0.98070157,1.0
155276,-0.51582915,0.0
155294,-0.27279532,0.0
155329,-0.86108464,0.0
155353,0.23917715,1.0
155368,-0.10284549,0.0
155369,-0.38553357,0.0
155371,-0.73273695,0.0
155381,-0.28391665,0.0
155537,-0.27481854,0.0
155578,-0.83185613,0.0
155580,-0.15356599,0.0
155626,-0.4868893,0.0
155668,-0.13365193,0.0
155671,-0.45318907,0.0
155698,-0.004078527,0.0
155713,-0.52585137,0.0
155775,-0.8688818,0.0
155797,-1.0582794,0.0
155800,-0.63080096,0.0
155804,-0.30126452,0.0
155906,-0.3748581,0.0
155972,-1.0472023,0.0
156010,-0.35085234,0.0
156037,-0.6922251,0.0
156061,-0.8098295,0.0
156175,-0.50759035,0.0
156203,-0.5584629,0.0
156222,-0.9365238,0.0
156325,-0.2629624,0.0
156357,-0.094019435,0.0
156378,-0.26857507,0.0
156381,0.37436748,1.0
156421,0.40446943,1.0
156444,-0.64591706,0.0
156460,-0.14966153,0.0
156480,-0.8477872,0.0
156486,-0.4701686,0.0
156570,-0.306728,0.0
156627,-0.83782756,0.0
156733,-0.98379433,0.0
156736,-0.15615527,0.0
156750,0.08968031,0.0
156792,-0.8083839,0.0
156817,0.09113345,0.0
157027,-0.37037048,0.0
157028,-0.8682593,0.0
157098,-0.24539563,0.0
157205,0.6688034,1.0
157215,-0.75915825,0.0
157226,-0.86467785,0.0
157232,0.18355513,1.0
157244,-0.68710244,0.0
157390,-0.11807681,0.0
157401,-0.60556954,0.0
157664,0.102230184,1.0
157670,-0.93791354,0.0
157839,0.08619414,0.0
157847,-0.82638395,0.0
157868,-0.7482028,0.0
157882,0.058779445,0.0
157905,-0.1339143,0.0
157906,-0.32504776,0.0
157907,-0.48219326,0.0
157913,-0.38181567,0.0
157927,-0.84094036,0.0
157971,-0.5494169,0.0
157981,0.16929322,1.0
158051,-1.0319276,0.0
158171,-0.0058694957,0.0
158197,-0.4689417,0.0
158215,-0.5283832,0.0
158222,-0.15187967,0.0
158227,-0.53475875,0.0
158240,-0.6672562,0.0
158248,1.0650767,1.0
158253,-0.030048575,0.0
158265,-0.55081105,0.0
158277,-0.8252139,0.0
158284,-0.5452717,0.0
158300,-0.40635192,0.0
158367,0.011087847,0.0
158381,-0.30887538,0.0
158404,0.45443538,1.0
158421,-0.18536922,0.0
158447,-0.22540483,0.0
158476,0.021127187,0.0
158491,-0.41175312,0.0
158492,-0.21631232,0.0
158551,-0.8555027,0.0
158587,-0.15174735,0.0
158599,-0.17170739,0.0
158618,-1.3902997,0.0
158637,-0.6335554,0.0
158662,-0.63417596,0.0
158664,-0.70522255,0.0
158673,-0.18018818,0.0
158711,-0.36651176,0.0
158713,0.592886,1.0
158764,-0.666501,0.0
158781,-0.48509628,0.0
158787,-0.17294553,0.0
158792,-0.41269457,0.0
158795,-0.7495679,0.0
158834,-0.8003885,0.0
158880,-0.13026997,0.0
158946,-0.7888715,0.0
159005,0.91780317,1.0
159010,-0.17735553,0.0
159035,-0.6239205,0.0
159067,-1.1281205,0.0
159126,-0.94675416,0.0
159158,-0.3668876,0.0
159163,-0.5504786,0.0
159218,-0.31440437,0.0
159340,-1.0941705,0.0
159362,0.96212584,1.0
159389,-0.18119137,0.0
159417,0.22460361,1.0
159422,-0.78300714,0.0
159480,-0.80581135,0.0
159481,-0.2732098,0.0
159491,0.11493809,1.0
159498,-0.16571622,0.0
159507,0.94583684,1.0
159532,-0.43157226,0.0
159546,0.061914325,0.0
159569,0.8251061,1.0
159577,1.1248479,1.0
159586,-0.9337826,0.0
159713,-0.3445831,0.0
159716,-0.79291046,0.0
159717,-0.6711351,0.0
159724,-0.80644464,0.0
159727,-0.40214697,0.0
159802,-0.93706983,0.0
159848,-0.6209946,0.0
159878,-0.018861296,0.0
159915,-0.7189405,0.0
159921,-1.0717452,0.0
159927,0.34034118,1.0
159957,-0.6029492,0.0
160001,-0.10672647,0.0
160054,-0.5299027,0.0
160081,-0.34454396,0.0
160092,0.17537525,1.0
160093,0.60563636,1.0
160095,0.5759293,1.0
160123,-0.015076183,0.0
160170,-0.7937043,0.0
160313,-0.1825006,0.0
160341,-0.21188961,0.0
160390,-0.48731637,0.0
160395,-0.39599907,0.0
160404,-0.9010659,0.0
160436,-0.38070813,0.0
160444,0.3215443,1.0
160446,-0.29360735,0.0
160469,-1.0289749,0.0
160487,-0.25062156,0.0
160501,0.18978094,1.0
160517,-0.17985225,0.0
160520,-0.5293762,0.0
160620,-0.28755307,0.0
160698,-0.30277038,0.0
160708,-0.008591731,0.0
160724,-0.8187552,0.0
160725,0.0113346595,0.0
160741,-0.06230847,0.0
160755,0.13349381,1.0
160821,-0.23617756,0.0
160831,-0.6258625,0.0
160840,-0.8560401,0.0
160894,-0.7944378,0.0
160951,-0.05263918,0.0
160960,-0.8608618,0.0
161058,-0.62848115,0.0
161137,0.0497653,0.0
161140,-0.77210647,0.0
161144,-0.094297476,0.0
