user1_id,user2_id
0,177
1,1501
2,2357
3,106
3,338
3,1501
4,1501
5,106
6,1055
6,1554
7,12
8,1501
9,1501
10,1501
11,12
12,14
12,19
12,30
12,35
12,41
12,42
12,44
12,47
12,56
12,57
12,60
12,62
12,75
12,76
12,85
12,92
12,94
12,101
12,112
12,116
12,119
12,121
12,126
12,134
12,139
12,156
12,161
12,164
12,166
12,169
12,170
12,189
12,194
12,196
12,197
12,203
12,204
12,209
12,211
12,214
12,219
12,227
12,230
12,231
12,233
12,240
12,244
12,246
12,248
12,259
12,294
12,299
12,302
12,309
12,313
12,317
12,318
12,326
12,332
12,340
12,343
12,345
12,351
12,353
12,354
12,356
12,357
12,358
12,361
12,367
12,371
12,372
12,374
12,378
12,380
12,381
12,385
12,393
12,402
12,408
12,411
12,412
12,417
12,420
12,425
12,426
12,427
12,435
12,437
12,438
12,442
12,451
12,452
12,454
12,456
12,458
12,459
12,464
12,467
12,468
12,469
12,483
12,490
12,496
12,498
12,500
12,511
12,513
12,516
12,517
12,520
12,527
12,531
12,541
12,546
12,552
12,558
12,561
12,564
12,565
12,571
12,573
12,574
12,588
12,589
12,593
12,596
12,599
12,600
12,601
12,602
12,603
12,608
12,616
12,618
12,622
12,623
12,625
12,627
12,631
12,635
12,637
12,650
12,652
12,659
12,663
12,666
12,671
12,680
12,686
12,688
12,689
12,692
12,694
12,695
12,698
12,701
12,706
12,711
12,712
12,713
12,714
12,715
12,716
12,719
12,721
12,724
12,729
12,736
12,741
12,745
12,751
12,752
12,759
12,761
12,764
12,769
12,772
12,775
12,777
12,781
12,783
12,786
12,794
12,795
12,798
12,811
12,816
12,819
12,823
12,825
12,830
12,835
12,837
12,842
12,853
12,854
12,860
12,865
12,867
12,872
12,874
12,875
12,879
12,880
12,881
12,882
12,890
12,893
12,894
12,895
12,898
12,908
12,911
12,916
12,918
12,922
12,926
12,930
12,937
12,939
12,941
12,943
12,949
12,954
12,959
12,960
12,963
12,969
12,972
12,979
12,983
12,984
12,986
12,996
12,1004
12,1013
12,1022
12,1029
12,1031
12,1034
12,1037
12,1038
12,1040
12,1043
12,1045
12,1047
12,1048
12,1051
12,1054
12,1058
12,1060
12,1061
12,1065
12,1066
12,1073
12,1074
12,1075
12,1081
12,1084
12,1085
12,1086
12,1088
12,1089
12,1097
12,1103
12,1125
12,1126
12,1131
12,1133
12,1138
12,1140
12,1144
12,1146
12,1147
12,1148
12,1154
12,1155
12,1157
12,1159
12,1163
12,1164
12,1169
12,1172
12,1180
12,1181
12,1186
12,1187
12,1206
12,1208
12,1211
12,1212
12,1234
12,1242
12,1243
12,1248
12,1250
12,1259
12,1261
12,1262
12,1267
12,1269
12,1276
12,1277
12,1278
12,1279
12,1281
12,1286
12,1299
12,1302
12,1305
12,1318
12,1324
12,1327
12,1329
12,1334
12,1339
12,1344
12,1353
12,1358
12,1359
12,1360
12,1379
12,1384
12,1387
12,1403
12,1408
12,1411
12,1413
12,1414
12,1415
12,1422
12,1423
12,1428
12,1436
12,1437
12,1444
12,1447
12,1451
12,1464
12,1466
12,1469
12,1471
12,1474
12,1477
12,1481
12,1483
12,1485
12,1489
12,1492
12,1498
12,1502
12,1505
12,1511
12,1514
12,1518
12,1524
12,1529
12,1530
12,1532
12,1533
12,1535
12,1538
12,1540
12,1541
12,1546
12,1562
12,1567
12,1568
12,1569
12,1571
12,1574
12,1577
12,1579
12,1588
12,1590
12,1591
12,1596
12,1613
12,1614
12,1617
12,1621
12,1627
12,1639
12,1646
12,1649
12,1652
12,1655
12,1658
12,1660
12,1664
12,1667
12,1668
12,1669
12,1670
12,1671
12,1677
12,1683
12,1696
12,1697
12,1711
12,1713
12,1715
12,1716
12,1718
12,1720
12,1724
12,1727
12,1730
12,1731
12,1732
12,1740
12,1741
12,1742
12,1743
12,1749
12,1758
12,1764
12,1769
12,1770
12,1776
12,1779
12,1783
12,1792
12,1793
12,1794
12,1795
12,1799
12,1801
12,1803
12,1809
12,1817
12,1827
12,1828
12,1829
12,1831
12,1837
12,1839
12,1841
12,1843
12,1844
12,1846
12,1847
12,1856
12,1857
12,1859
12,1860
12,1865
12,1867
12,1871
12,1873
12,1874
12,1875
12,1876
12,1878
12,1880
12,1882
12,1883
12,1885
12,1887
12,1889
12,1894
12,1895
12,1899
12,1900
12,1903
12,1913
12,1918
12,1930
12,1937
12,1938
12,1939
12,1943
12,1945
12,1947
12,1951
12,1953
12,1960
12,1962
12,1965
12,1968
12,1969
12,1970
12,1972
12,1976
12,1978
12,1980
12,1981
12,1984
12,1985
12,1986
12,1988
12,1997
12,1998
12,2003
12,2005
12,2010
12,2011
12,2013
12,2015
12,2020
12,2023
12,2028
12,2031
12,2033
12,2035
12,2036
12,2041
12,2042
12,2048
12,2052
12,2054
12,2058
12,2059
12,2062
12,2076
12,2078
12,2079
12,2080
12,2081
12,2082
12,2083
12,2086
12,2089
12,2090
12,2091
12,2095
12,2096
12,2099
12,2113
12,2119
12,2121
12,2123
12,2125
12,2127
12,2132
12,2135
12,2136
12,2137
12,2138
12,2139
12,2143
12,2148
12,2151
12,2152
12,2159
12,2168
12,2169
12,2177
12,2194
12,2197
12,2198
12,2200
12,2205
12,2207
12,2209
12,2214
12,2219
12,2234
12,2235
12,2237
12,2241
12,2242
12,2243
12,2250
12,2252
12,2257
12,2262
12,2266
12,2268
12,2272
12,2280
12,2282
12,2287
12,2289
12,2300
12,2307
12,2309
12,2311
12,2312
12,2313
12,2317
12,2318
12,2319
12,2327
12,2328
12,2331
12,2334
12,2337
12,2341
12,2342
12,2344
12,2346
12,2351
12,2354
12,2355
12,2358
12,2367
12,2377
12,2381
12,2383
12,2384
12,2386
12,2387
12,2388
12,2389
12,2390
12,2391
12,2394
12,2398
12,2400
12,2403
12,2406
12,2409
12,2422
12,2428
12,2431
12,2442
12,2448
12,2449
12,2450
12,2451
12,2457
12,2466
12,2469
12,2471
12,2472
12,2474
12,2478
12,2481
12,2487
12,2488
12,2489
12,2493
12,2497
12,2508
12,2513
12,2515
12,2517
12,2518
12,2521
12,2526
12,2528
12,2529
12,2532
12,2534
12,2537
12,2541
12,2546
12,2554
12,2559
12,2566
12,2568
12,2569
12,2571
12,2573
12,2575
12,2579
12,2581
12,2582
12,2583
12,2587
12,2589
12,2595
12,2596
12,2598
12,2599
12,2601
12,2602
12,2608
12,2613
12,2615
12,2625
12,2626
12,2634
12,2637
12,2639
12,2649
12,2652
12,2655
12,2659
12,2660
12,2664
12,2665
12,2670
12,2671
12,2672
12,2674
12,2677
12,2679
12,2684
12,2685
12,2688
12,2699
12,2701
12,2706
12,2709
12,2715
12,2719
12,2720
12,2721
12,2722
12,2723
12,2726
12,2730
12,2731
12,2732
12,2733
12,2736
12,2739
12,2741
12,2742
12,2743
12,2746
12,2752
12,2755
12,2763
12,2764
12,2767
12,2768
12,2771
12,2775
12,2778
12,2783
12,2784
12,2787
12,2788
12,2792
12,2796
12,2800
12,2801
12,2803
12,2809
12,2810
12,2819
12,2827
12,2828
12,2829
12,2830
12,2833
12,2835
12,2837
12,2838
12,2839
12,2842
12,2843
12,2846
12,2852
12,2854
12,2855
12,2860
12,2862
12,2863
12,2868
12,2870
12,2874
12,2878
12,2882
12,2888
12,2900
12,2901
12,2904
12,2905
12,2912
12,2913
12,2917
12,2918
12,2920
12,2921
12,2923
12,2925
12,2927
12,2932
12,2935
12,2942
12,2944
12,2954
12,2955
12,2960
12,2966
12,2967
12,2970
12,2971
12,2974
12,2986
12,2989
12,2993
12,2996
12,2997
12,3008
12,3009
12,3010
12,3011
12,3013
12,3017
12,3020
12,3023
12,3024
12,3027
12,3034
12,3036
12,3044
12,3048
12,3049
12,3051
12,3053
12,3054
12,3057
12,3058
12,3059
12,3062
12,3064
12,3066
12,3068
12,3070
12,3071
12,3072
12,3079
12,3091
12,3092
12,3093
12,3094
12,3095
12,3096
12,3098
12,3102
12,3104
12,3106
12,3112
12,3114
12,3116
12,3125
12,3129
12,3131
12,3134
12,3135
12,3136
12,3138
12,3139
12,3143
12,3148
12,3151
12,3152
12,3158
12,3163
12,3165
12,3172
12,3176
12,3178
12,3182
12,3184
12,3188
12,3193
12,3201
12,3208
12,3211
12,3215
12,3216
12,3217
12,3218
12,3230
12,3233
12,3235
12,3238
12,3244
12,3249
12,3253
12,3256
12,3257
12,3259
12,3264
12,3265
12,3270
12,3272
12,3276
12,3278
12,3280
12,3281
12,3284
12,3285
12,3294
12,3296
12,3307
12,3311
12,3312
12,3314
12,3320
12,3322
12,3324
12,3327
12,3329
12,3331
12,3333
12,3334
12,3337
12,3338
12,3340
12,3343
12,3344
12,3347
12,3362
12,3372
12,3374
12,3375
12,3379
12,3383
12,3386
12,3388
12,3400
12,3402
12,3403
12,3406
12,3407
12,3418
12,3419
12,3420
12,3426
12,3427
12,3431
12,3433
12,3435
12,3438
12,3441
12,3442
12,3445
12,3452
12,3454
12,3455
12,3456
12,3459
12,3462
12,3464
12,3470
12,3483
12,3490
12,3492
12,3504
12,3508
12,3510
12,3520
12,3527
12,3530
12,3532
12,3536
12,3537
12,3541
12,3544
12,3553
12,3554
12,3556
12,3557
12,3559
12,3564
12,3566
12,3568
12,3571
12,3574
12,3577
12,3583
12,3584
12,3589
12,3592
12,3598
12,3602
12,3603
12,3605
12,3608
12,3609
12,3620
12,3629
12,3636
12,3649
12,3654
12,3656
12,3658
12,3661
12,3672
12,3680
12,3700
12,3703
12,3715
12,3719
12,3727
12,3736
12,3743
12,3744
12,3745
12,3757
12,3768
12,3777
12,3778
12,3789
12,3793
12,3804
12,3806
12,3808
12,3811
12,3813
12,3816
12,3817
12,3821
12,3822
12,3834
12,3848
12,3853
12,3858
12,3874
12,3880
12,3881
12,3882
12,3883
12,3886
12,3887
12,3893
12,3902
12,3903
12,3904
12,3908
12,3912
12,3916
12,3918
12,3922
12,3923
12,3926
12,3932
12,3934
12,3940
12,3944
12,3955
12,3956
12,3958
12,3972
12,3976
12,3983
12,3984
12,3985
12,3989
12,3991
12,3992
12,3993
12,3995
12,3996
12,4009
12,4021
12,4023
12,4030
12,4032
12,4034
12,4036
12,4039
12,4042
12,4044
12,4047
12,4048
12,4055
12,4058
12,4060
12,4062
12,4064
12,4066
12,4068
12,4081
12,4088
12,4089
12,4094
12,4099
12,4104
12,4110
12,4111
12,4115
12,4116
12,4119
12,4126
12,4130
12,4134
12,4143
12,4156
12,4157
12,4168
12,4170
12,4175
12,4183
12,4197
12,4199
12,4203
12,4209
12,4210
12,4229
12,4230
12,4231
12,4232
12,4234
12,4235
12,4239
12,4248
12,4249
12,4255
12,4262
12,4263
12,4264
12,4265
12,4268
12,4271
12,4273
12,4276
12,4278
12,4285
12,4290
12,4295
12,4298
12,4299
12,4304
12,4305
12,4307
12,4315
12,4317
12,4320
12,4324
12,4325
12,4326
12,4328
12,4346
12,4348
12,4350
12,4359
12,4362
12,4365
12,4366
12,4368
12,4373
12,4375
12,4385
12,4386
12,4387
12,4395
12,4406
12,4411
12,4413
12,4414
12,4422
12,4427
12,4435
12,4438
12,4439
12,4441
12,4442
12,4443
12,4445
12,4448
12,4451
12,4452
12,4453
12,4454
12,4457
12,4468
12,4471
12,4479
12,4480
12,4482
12,4483
12,4489
12,4490
12,4493
12,4495
12,4506
12,4508
12,4509
12,4517
12,4531
12,4534
12,4535
12,4538
12,4539
12,4540
12,4543
12,4544
12,4552
12,4555
12,4556
12,4568
12,4571
12,4573
12,4575
12,4576
12,4578
12,4585
12,4587
12,4593
12,4594
12,4595
12,4601
12,4609
12,4614
12,4615
12,4616
12,4619
12,4620
12,4624
12,4626
12,4631
12,4633
12,4636
12,4638
12,4640
12,4641
12,4643
12,4647
12,4648
12,4652
12,4658
12,4663
12,4665
12,4669
12,4673
12,4675
12,4679
12,4683
12,4691
12,4694
12,4696
12,4699
12,4700
12,4708
12,4714
12,4717
12,4718
12,4719
12,4724
12,4729
12,4733
12,4748
12,4749
12,4750
12,4751
12,4752
12,4753
12,4773
12,4774
12,4775
12,4785
12,4787
12,4788
12,4794
12,4799
12,4802
12,4804
12,4806
12,4807
12,4808
12,4809
13,1192
15,1501
15,2712
16,26
17,718
18,1172
18,2663
18,2666
18,3829
19,1501
20,1063
21,1501
22,1002
23,1501
24,718
25,718
26,77
26,122
26,146
26,250
26,251
26,258
26,369
26,506
26,746
26,791
26,843
26,864
26,904
26,945
26,948
26,980
26,1313
26,1388
26,1537
26,1698
26,1745
26,1747
26,1753
26,1912
26,1977
26,2002
26,2016
26,2187
26,2315
26,2332
26,2468
26,2498
26,2539
26,2548
26,2551
26,2657
26,2798
26,2806
26,2899
26,3074
26,3080
26,3166
26,3197
26,3207
26,3227
26,3484
26,3516
26,3555
26,3591
26,3711
26,3733
26,3790
26,3910
26,3931
26,3939
26,3953
26,3961
26,4003
26,4087
26,4103
26,4153
26,4169
26,4207
26,4250
26,4376
26,4455
26,4513
26,4533
26,4546
26,4597
26,4623
26,4701
26,4707
26,4770
26,4786
27,1501
28,2369
29,1516
31,172
31,173
31,450
31,1338
31,2915
31,3019
31,3514
31,3596
31,3908
31,3982
31,4221
31,4241
31,4799
32,2712
33,718
33,1055
34,1501
36,718
36,1516
36,1763
37,1063
38,1501
39,1501
40,1501
43,2565
43,3463
44,1501
44,2712
45,1501
46,4029
48,1501
49,1501
50,106
51,91
51,457
51,734
51,1165
51,1281
51,2476
51,2896
51,2915
51,3586
51,3790
52,718
52,4202
53,2712
54,2712
55,718
58,4766
59,1501
60,338
61,1501
63,577
64,65
64,212
64,272
64,307
64,316
64,323
64,389
64,403
64,429
64,486
64,510
64,597
64,636
64,638
64,832
64,993
64,1184
64,1219
64,1307
64,1308
64,1351
64,1553
64,1701
64,1714
64,1804
64,1925
64,1991
64,2174
64,2247
64,2479
64,2644
64,2648
64,2680
64,2841
64,2899
64,3052
64,3579
64,3855
64,3899
64,3915
64,3931
64,3951
64,4103
64,4125
64,4245
64,4510
64,4671
64,4706
64,4756
64,4769
64,4800
66,718
67,1501
68,718
69,718
70,1277
71,1055
72,1501
73,718
74,2446
78,1501
79,1501
80,718
81,2712
82,718
83,2712
84,2712
85,1501
86,2446
87,718
88,1501
89,506
89,1063
89,4437
90,718
91,177
93,1501
95,3959
95,4033
96,1501
97,1501
98,2712
99,718
100,3586
100,3809
100,4657
101,2712
102,2357
103,718
103,1582
104,1501
105,1501
106,159
106,598
106,786
106,860
106,1227
106,1278
106,1320
106,1343
106,1501
106,1549
106,1571
106,1575
106,1652
106,1669
106,1795
106,1878
106,1911
106,1941
106,2064
106,2150
106,2205
106,2206
106,2298
106,2356
106,2364
106,2370
106,2375
106,2385
106,2478
106,2530
106,2575
106,2578
106,2580
106,2601
106,2712
106,2715
106,2740
106,2746
106,2750
106,2846
106,2855
106,2885
106,2898
106,2922
106,2996
106,3094
106,3143
106,3148
106,3217
106,3249
106,3285
106,3355
106,3369
106,3375
106,3441
106,3509
106,3575
106,3629
106,3656
106,3765
106,3822
106,3897
106,3957
106,3986
106,4042
106,4045
106,4060
106,4091
106,4092
106,4104
106,4165
106,4234
106,4361
106,4430
106,4435
106,4479
106,4485
106,4493
106,4523
106,4549
106,4584
106,4587
106,4593
106,4609
106,4615
106,4664
106,4739
106,4744
106,4781
107,2712
108,2712
109,338
110,1002
111,2078
111,2712
113,718
114,3500
115,2712
117,1063
118,1055
118,1763
118,3083
120,1461
121,1501
121,2712
123,718
123,1763
124,1501
125,2712
127,718
128,718
129,1501
130,208
130,901
131,2712
132,2712
133,1501
135,1501
136,443
137,718
138,1501
140,718
141,1063
142,718
142,1063
143,718
144,718
145,3643
145,4653
146,1516
146,3739
147,2712
148,1501
149,2117
150,718
150,957
150,2416
150,3047
150,3701
151,2712
152,177
153,718
154,1501
155,1501
157,1501
158,718
158,2570
158,3739
159,4470
160,436
162,338
163,2712
164,2712
165,1501
167,628
168,718
168,3959
170,1501
171,1501
174,1501
174,2712
175,718
176,4741
177,462
177,598
177,776
177,791
177,2725
177,2915
177,3023
177,3047
177,3155
177,3501
177,4010
177,4367
177,4431
177,4718
178,718
179,1501
180,2712
181,1063
182,718
183,718
183,723
183,1055
184,3481
184,4791
185,1055
186,3790
187,718
188,718
190,1516
191,1501
192,338
193,1501
195,1501
196,2712
197,1501
198,2446
199,1516
200,383
200,1684
200,2155
200,2953
201,338
202,2712
204,1501
205,1501
206,1501
207,3959
210,2446
210,2712
213,718
215,4372
216,3089
217,1063
218,1501
220,1501
221,2712
222,718
223,236
224,463
225,718
226,543
228,1501
229,998
229,1063
231,1501
232,1501
234,1501
234,2712
235,2584
236,1063
236,1316
236,2423
236,3111
236,3219
236,3234
236,3599
236,4211
236,4668
237,718
237,1763
238,1501
238,2712
238,3249
238,4558
239,718
241,2712
242,2446
243,2712
244,1277
245,3959
246,2712
247,2712
249,2712
252,1763
253,718
254,1055
255,718
256,718
257,1501
260,2712
261,718
262,1501
262,2357
263,2712
264,1230
265,718
265,1063
265,1369
265,4651
266,718
267,2527
268,1501
268,2712
269,1055
270,2712
271,718
273,2712
274,718
275,1002
276,3500
277,718
277,774
277,785
277,1217
277,1369
277,1432
277,1516
277,2146
277,2335
277,2584
277,2662
277,2867
277,3315
277,3613
277,3694
277,3807
277,4684
278,1501
279,1871
279,2709
280,1501
281,1501
282,718
283,3433
284,718
285,2712
286,1055
287,718
288,718
289,2712
290,1410
291,718
292,2320
292,2463
292,3791
292,4766
293,1063
295,718
296,2712
297,2712
298,1516
298,1763
299,1501
299,2712
300,1501
301,2712
303,1501
304,2712
305,1501
306,1277
306,1501
308,2712
310,2712
311,1501
311,2712
312,338
313,1501
314,718
315,1501
315,2712
319,4054
320,1063
321,4437
322,1501
322,2712
324,1501
325,2712
327,2712
328,2570
329,1209
329,2012
329,3694
330,718
331,1501
333,718
333,1063
333,4202
334,1501
334,2712
335,1055
336,2712
337,1501
337,2712
338,388
338,399
338,430
338,444
338,471
338,520
338,530
338,577
338,580
338,829
338,836
338,874
338,902
338,903
338,905
338,912
338,1039
338,1086
338,1101
338,1139
338,1179
338,1199
338,1260
338,1314
338,1350
338,1383
338,1429
338,1458
338,1480
338,1492
338,1494
338,1539
338,1583
338,1644
338,1662
338,1684
338,1734
338,1749
338,1780
338,1788
338,1823
338,1859
338,1898
338,1919
338,1950
338,1951
338,2014
338,2110
338,2185
338,2374
338,2499
338,2504
338,2547
338,2602
338,2672
338,2691
338,2696
338,2701
338,2715
338,2719
338,2738
338,2781
338,2809
338,2985
338,3001
338,3113
338,3171
338,3232
338,3292
338,3311
338,3342
338,3393
338,3420
338,3503
338,3565
338,3570
338,3622
338,3629
338,3635
338,3637
338,3644
338,3652
338,3668
338,3669
338,3727
338,3761
338,3806
338,3863
338,3876
338,3945
338,3962
338,3973
338,3986
338,4005
338,4017
338,4129
338,4192
338,4270
338,4288
338,4290
338,4302
338,4322
338,4331
338,4339
338,4377
338,4389
338,4463
338,4490
338,4580
338,4609
338,4627
338,4672
338,4705
338,4747
338,4748
338,4761
338,4777
338,4781
338,4783
338,4793
338,4798
339,1501
340,2712
341,1501
342,2712
344,1501
346,1501
346,2712
347,2764
348,718
349,718
350,718
350,4202
351,2446
352,1501
355,1501
355,4145
359,1501
360,2712
362,1501
363,718
363,4075
364,1501
365,1063
366,2712
368,1501
370,1501
371,1501
372,2712
373,1501
375,2712
376,1501
377,2712
379,2712
382,1501
383,1501
383,2446
383,2712
384,1501
385,1501
386,1501
387,1055
390,1002
391,718
392,718
394,718
394,2848
395,2712
396,1582
397,4052
398,1763
400,718
400,957
400,1063
400,1763
401,2712
404,619
404,2978
404,4384
405,2712
405,4299
406,718
406,1055
407,1404
408,1501
408,3456
409,1763
410,718
413,1501
414,2712
415,1501
416,1501
416,2712
417,1501
418,2712
419,3633
421,1501
422,2712
423,1277
424,2712
427,933
427,3004
428,1501
430,1501
431,2712
432,2067
432,3245
433,2712
434,2712
436,868
436,2754
436,3482
436,3981
436,4012
436,4029
439,718
439,1763
440,1461
441,2712
443,1055
443,3639
445,718
446,2712
447,718
448,718
449,1501
449,2556
452,2712
453,1501
455,2712
456,1501
460,718
461,2712
462,3266
465,2668
466,718
467,1501
467,4372
470,718
472,4499
473,1501
474,718
475,2712
476,2712
477,718
478,1063
479,1501
480,2712
481,718
482,718
484,718
485,2712
487,1501
487,2712
488,1501
489,1063
489,3505
491,718
492,1501
493,1582
493,3424
494,1501
495,1501
496,1501
496,2712
497,1501
499,1143
501,3959
502,4715
503,1501
504,718
505,2712
506,1223
506,1949
506,2574
506,3120
506,3502
506,3759
507,1501
507,2712
508,2712
509,2712
511,1277
511,1501
511,2712
512,3500
514,3083
515,3739
517,1501
517,2712
518,1501
519,2712
520,2357
520,2712
521,3660
522,2712
523,718
523,1063
524,718
524,1055
524,1369
524,1516
525,2712
526,1002
528,1055
529,1501
530,2712
532,3935
532,4173
533,718
534,1501
535,3500
536,2712
537,1501
538,1501
538,2712
539,2712
540,2712
542,718
543,587
543,642
543,788
543,913
543,2053
543,2629
543,2675
543,3586
543,4334
544,1002
545,2712
547,718
548,2712
549,1501
550,2712
551,2712
552,1501
552,2764
553,1501
554,1002
554,1063
555,718
556,718
557,718
558,1501
559,1002
560,718
562,718
563,1501
566,718
567,1516
567,3771
568,1501
569,1501
570,718
571,1277
572,1501
575,718
576,3500
577,961
577,1274
577,1341
577,2376
577,2583
577,2940
577,3267
577,4173
577,4523
578,1763
578,1924
578,2516
579,1501
581,718
582,1501
582,2712
583,2357
584,1501
584,2712
585,1501
586,1063
587,1002
590,718
591,1501
591,2485
592,2712
594,1501
595,1501
597,718
597,2446
598,1501
598,2712
599,1501
599,2712
602,1501
604,2712
605,1055
606,2712
607,2357
609,1002
610,1501
611,2446
611,2712
612,3447
612,4372
613,1501
614,718
615,4662
617,1501
617,2712
617,3456
617,3482
620,718
621,2514
622,2712
623,1501
623,2712
624,1002
626,1516
628,2564
628,3572
628,3653
628,4354
628,4640
628,4764
629,2078
629,3531
630,718
632,1501
633,2712
634,718
639,764
639,1053
639,1274
639,3089
639,4745
640,718
640,1063
641,718
642,1516
642,1892
642,3240
642,4321
643,2712
644,2712
645,1063
646,718
647,2357
648,790
648,1501
648,1833
648,2054
648,2313
649,1501
649,2712
651,1516
653,2446
654,1501
655,996
655,1084
655,3136
656,2712
656,2764
657,2435
658,1501
658,2712
660,1002
661,718
662,3086
664,2712
665,718
667,1501
667,2712
668,718
669,718
670,718
672,718
673,2357
674,1063
675,1501
676,2712
677,1763
678,4205
679,2712
680,2712
681,2446
682,1002
683,2712
684,3512
685,3959
687,1501
690,2446
690,2712
691,2712
693,2712
694,2712
695,781
695,987
695,4025
696,3167
697,1501
699,1230
700,2712
701,1501
702,1501
703,1501
704,718
705,2712
707,2446
708,4202
709,1055
710,2712
713,1501
716,1501
717,1501
718,727
718,740
718,749
718,757
718,758
718,760
718,762
718,771
718,793
718,809
718,813
718,824
718,831
718,834
718,843
718,849
718,856
718,873
718,886
718,920
718,932
718,938
718,942
718,948
718,956
718,964
718,965
718,992
718,994
718,995
718,1015
718,1020
718,1021
718,1026
718,1049
718,1052
718,1064
718,1070
718,1078
718,1080
718,1082
718,1091
718,1093
718,1104
718,1106
718,1107
718,1108
718,1109
718,1110
718,1115
718,1118
718,1123
718,1134
718,1151
718,1156
718,1158
718,1182
718,1191
718,1194
718,1197
718,1225
718,1228
718,1237
718,1238
718,1251
718,1252
718,1257
718,1268
718,1271
718,1280
718,1285
718,1287
718,1295
718,1296
718,1306
718,1308
718,1310
718,1312
718,1333
718,1338
718,1340
718,1354
718,1363
718,1380
718,1381
718,1390
718,1393
718,1394
718,1404
718,1416
718,1424
718,1427
718,1449
718,1450
718,1459
718,1467
718,1468
718,1472
718,1482
718,1486
718,1488
718,1493
718,1497
718,1503
718,1506
718,1509
718,1525
718,1527
718,1534
718,1542
718,1544
718,1547
718,1550
718,1552
718,1554
718,1573
718,1577
718,1584
718,1598
718,1599
718,1610
718,1612
718,1624
718,1634
718,1636
718,1640
718,1645
718,1648
718,1653
718,1661
718,1674
718,1682
718,1694
718,1701
718,1703
718,1705
718,1708
718,1717
718,1719
718,1722
718,1738
718,1739
718,1748
718,1752
718,1753
718,1763
718,1765
718,1772
718,1773
718,1782
718,1784
718,1790
718,1796
718,1797
718,1800
718,1808
718,1811
718,1816
718,1824
718,1848
718,1849
718,1850
718,1852
718,1855
718,1858
718,1861
718,1888
718,1901
718,1905
718,1906
718,1912
718,1915
718,1916
718,1917
718,1922
718,1929
718,1932
718,1946
718,1949
718,1955
718,1956
718,1957
718,1993
718,2000
718,2004
718,2026
718,2027
718,2037
718,2038
718,2043
718,2057
718,2063
718,2070
718,2071
718,2072
718,2074
718,2088
718,2092
718,2093
718,2097
718,2100
718,2104
718,2107
718,2111
718,2115
718,2118
718,2129
718,2133
718,2134
718,2141
718,2145
718,2146
718,2153
718,2156
718,2157
718,2158
718,2162
718,2166
718,2171
718,2173
718,2178
718,2179
718,2182
718,2183
718,2184
718,2187
718,2189
718,2202
718,2211
718,2217
718,2226
718,2227
718,2239
718,2245
718,2246
718,2247
718,2254
718,2277
718,2284
718,2285
718,2288
718,2290
718,2306
718,2310
718,2314
718,2321
718,2322
718,2326
718,2329
718,2338
718,2362
718,2393
718,2395
718,2397
718,2402
718,2420
718,2421
718,2437
718,2443
718,2444
718,2447
718,2453
718,2461
718,2467
718,2483
718,2490
718,2491
718,2509
718,2535
718,2539
718,2543
718,2551
718,2552
718,2553
718,2585
718,2591
718,2597
718,2600
718,2610
718,2620
718,2631
718,2633
718,2648
718,2653
718,2656
718,2662
718,2667
718,2675
718,2683
718,2700
718,2704
718,2710
718,2727
718,2729
718,2734
718,2758
718,2761
718,2766
718,2781
718,2789
718,2790
718,2791
718,2793
718,2797
718,2798
718,2807
718,2811
718,2813
718,2814
718,2821
718,2831
718,2840
718,2851
718,2856
718,2859
718,2869
718,2884
718,2890
718,2892
718,2893
718,2895
718,2896
718,2914
718,2928
718,2937
718,2943
718,2946
718,2952
718,2964
718,2968
718,2973
718,2976
718,2977
718,2991
718,2992
718,2998
718,3000
718,3006
718,3016
718,3018
718,3021
718,3025
718,3026
718,3028
718,3030
718,3031
718,3035
718,3039
718,3052
718,3055
718,3056
718,3063
718,3065
718,3077
718,3078
718,3084
718,3097
718,3100
718,3119
718,3147
718,3150
718,3161
718,3162
718,3169
718,3175
718,3177
718,3189
718,3190
718,3194
718,3196
718,3197
718,3210
718,3214
718,3221
718,3228
718,3237
718,3240
718,3269
718,3275
718,3290
718,3298
718,3299
718,3300
718,3301
718,3302
718,3308
718,3310
718,3313
718,3315
718,3319
718,3321
718,3326
718,3330
718,3356
718,3364
718,3365
718,3367
718,3370
718,3387
718,3389
718,3394
718,3396
718,3398
718,3421
718,3430
718,3449
718,3471
718,3477
718,3478
718,3487
718,3493
718,3499
718,3505
718,3513
718,3516
718,3517
718,3525
718,3540
718,3543
718,3549
718,3551
718,3552
718,3560
718,3567
718,3582
718,3585
718,3586
718,3597
718,3604
718,3607
718,3614
718,3616
718,3618
718,3619
718,3621
718,3626
718,3628
718,3631
718,3634
718,3640
718,3641
718,3645
718,3646
718,3648
718,3657
718,3664
718,3665
718,3671
718,3673
718,3674
718,3677
718,3684
718,3685
718,3704
718,3711
718,3716
718,3724
718,3730
718,3731
718,3732
718,3733
718,3735
718,3742
718,3753
718,3758
718,3760
718,3767
718,3772
718,3780
718,3783
718,3790
718,3795
718,3799
718,3801
718,3809
718,3812
718,3820
718,3825
718,3833
718,3836
718,3841
718,3843
718,3844
718,3849
718,3851
718,3857
718,3889
718,3895
718,3905
718,3906
718,3909
718,3910
718,3931
718,3939
718,3941
718,3946
718,3951
718,3953
718,3959
718,3964
718,3987
718,3988
718,4011
718,4031
718,4037
718,4038
718,4063
718,4065
718,4067
718,4072
718,4074
718,4076
718,4077
718,4083
718,4084
718,4087
718,4095
718,4098
718,4100
718,4124
718,4127
718,4133
718,4135
718,4138
718,4141
718,4153
718,4164
718,4180
718,4187
718,4193
718,4198
718,4202
718,4208
718,4213
718,4217
718,4226
718,4236
718,4240
718,4257
718,4258
718,4261
718,4267
718,4280
718,4281
718,4282
718,4283
718,4300
718,4308
718,4311
718,4323
718,4344
718,4363
718,4371
718,4383
718,4390
718,4394
718,4397
718,4400
718,4405
718,4415
718,4417
718,4425
718,4431
718,4461
718,4472
718,4486
718,4487
718,4494
718,4500
718,4511
718,4515
718,4518
718,4528
718,4529
718,4542
718,4547
718,4548
718,4553
718,4559
718,4561
718,4563
718,4565
718,4570
718,4579
718,4588
718,4590
718,4607
718,4612
718,4629
718,4630
718,4632
718,4637
718,4645
718,4653
718,4662
718,4670
718,4677
718,4680
718,4689
718,4693
718,4702
718,4709
718,4712
718,4722
718,4725
718,4730
718,4732
718,4735
718,4738
718,4743
718,4746
718,4766
718,4770
718,4776
718,4784
718,4805
720,1501
722,1063
725,2712
725,2764
726,2712
727,1063
727,3512
727,4054
728,2712
729,1501
730,1501
731,3456
732,2712
733,2712
735,2712
737,2712
738,1501
739,2712
742,1277
743,989
744,3639
745,1501
745,2712
747,2712
748,2712
750,2712
753,2712
754,2712
755,1501
756,1501
760,2588
763,2712
765,1063
766,1501
767,2357
768,1501
768,2712
770,1501
770,2712
773,2712
778,1501
779,1501
780,3959
781,1501
782,2712
784,1501
787,1501
789,1055
792,1501
793,1055
796,1501
796,2712
797,2712
799,1501
800,1404
801,2712
802,1501
803,1501
804,2712
805,2712
806,2712
807,2712
808,1516
810,1063
812,1501
814,1055
815,1501
817,1501
817,2712
818,3167
820,2712
821,2712
822,1971
822,3599
822,4760
826,2446
827,1501
828,2078
829,1501
833,4766
836,1501
838,1002
839,2712
840,2712
841,1501
842,1501
842,2446
842,2712
843,2668
844,2712
845,2712
846,2712
847,3959
848,4107
850,2712
851,1055
852,1501
855,1763
857,1501
858,1501
859,1063
859,1516
859,2445
861,1501
862,1501
862,2712
863,1516
865,1501
866,2712
869,2712
870,2712
871,1063
876,1501
877,1501
878,3959
882,3929
883,1763
884,1501
885,1501
887,1055
888,1122
889,2712
889,3456
891,2712
892,1501
892,2712
893,1404
893,1501
893,2712
893,4176
893,4372
893,4419
894,1501
895,2712
896,2712
897,2712
899,2712
900,1501
900,2712
906,4766
907,3512
908,2712
909,1592
910,2712
911,1501
911,2357
914,1501
915,1501
917,2712
919,1063
921,4681
922,1501
922,2764
923,1501
924,1763
925,1063
927,2712
928,3132
928,4060
929,2712
931,2712
932,1516
934,2712
935,4810
936,2712
938,1516
939,1501
939,2712
940,1501
944,1063
946,3512
947,1501
949,1501
949,2357
950,1516
951,2712
952,1501
953,1501
955,1501
957,1523
957,1757
957,1982
957,2067
957,2146
957,2799
957,3047
957,3177
957,3197
957,3271
957,3831
957,4069
957,4381
957,4458
957,4514
957,4688
957,4697
957,4721
958,2712
962,2712
966,2712
967,1763
968,1501
969,1501
969,2712
970,2357
970,2712
971,1063
973,1501
973,2712
974,2712
975,2712
976,1501
977,3959
978,2712
981,2712
982,2712
985,1501
988,1063
989,3354
989,3428
990,3500
991,1501
992,4054
996,1501
996,1521
997,1063
998,1733
998,2227
998,2345
998,2881
998,3458
998,3545
998,3766
998,4172
998,4179
998,4186
998,4656
999,1501
1000,2712
1001,4604
1002,1210
1002,1215
1002,1285
1002,1400
1002,1594
1002,1600
1002,1630
1002,2007
1002,2065
1002,2129
1002,2179
1002,2190
1002,2240
1002,2316
1002,2464
1002,2667
1002,2781
1002,2822
1002,3164
1002,3236
1002,3301
1002,3404
1002,3638
1002,3721
1002,3738
1002,3869
1002,4051
1002,4087
1002,4155
1002,4160
1002,4171
1002,4236
1002,4345
1002,4458
1002,4496
1002,4497
1003,1501
1005,1063
1006,2570
1007,2448
1007,3216
1008,2252
1009,1763
1010,1501
1011,4054
1012,2078
1014,2446
1015,1055
1016,2703
1017,2357
1018,1516
1019,1501
1023,1501
1024,1516
1025,1501
1026,1230
1026,1763
1026,4710
1027,2764
1028,1063
1029,1501
1030,2712
1032,2712
1033,1501
1035,1055
1035,3959
1036,1501
1036,2712
1040,1501
1041,2712
1042,1501
1044,1501
1046,4191
1050,1055
1055,1056
1055,1071
1055,1141
1055,1162
1055,1204
1055,1265
1055,1419
1055,1431
1055,1435
1055,1460
1055,1465
1055,1587
1055,1598
1055,1702
1055,1745
1055,1802
1055,1804
1055,1862
1055,1866
1055,1869
1055,1890
1055,1904
1055,1912
1055,1914
1055,1992
1055,2018
1055,2144
1055,2202
1055,2233
1055,2245
1055,2253
1055,2265
1055,2288
1055,2296
1055,2315
1055,2362
1055,2408
1055,2414
1055,2438
1055,2444
1055,2458
1055,2483
1055,2523
1055,2584
1055,2585
1055,2603
1055,2620
1055,2624
1055,2630
1055,2641
1055,2661
1055,2667
1055,2695
1055,2710
1055,2713
1055,2777
1055,2804
1055,2812
1055,2813
1055,2864
1055,2866
1055,2876
1055,2892
1055,2906
1055,2911
1055,2929
1055,2957
1055,2976
1055,3005
1055,3015
1055,3061
1055,3117
1055,3140
1055,3153
1055,3169
1055,3180
1055,3199
1055,3205
1055,3206
1055,3212
1055,3220
1055,3229
1055,3305
1055,3354
1055,3357
1055,3366
1055,3368
1055,3390
1055,3401
1055,3432
1055,3437
1055,3535
1055,3594
1055,3600
1055,3670
1055,3675
1055,3676
1055,3698
1055,3720
1055,3723
1055,3738
1055,3807
1055,3824
1055,3829
1055,3830
1055,3840
1055,3844
1055,3872
1055,4031
1055,4108
1055,4112
1055,4114
1055,4123
1055,4128
1055,4150
1055,4172
1055,4204
1055,4213
1055,4227
1055,4246
1055,4254
1055,4257
1055,4292
1055,4293
1055,4303
1055,4318
1055,4340
1055,4415
1055,4421
1055,4456
1055,4466
1055,4473
1055,4486
1055,4497
1055,4524
1055,4537
1055,4545
1055,4561
1055,4596
1055,4605
1055,4617
1055,4678
1055,4681
1055,4710
1055,4737
1055,4778
1055,4801
1057,2712
1059,1404
1061,1501
1061,2712
1062,1501
1063,1177
1063,1190
1063,1203
1063,1217
1063,1295
1063,1297
1063,1304
1063,1336
1063,1349
1063,1375
1063,1431
1063,1435
1063,1439
1063,1493
1063,1504
1063,1526
1063,1554
1063,1598
1063,1633
1063,1733
1063,1737
1063,1745
1063,1777
1063,1836
1063,1877
1063,1879
1063,1946
1063,1949
1063,1967
1063,2047
1063,2140
1063,2163
1063,2212
1063,2227
1063,2372
1063,2468
1063,2494
1063,2501
1063,2539
1063,2548
1063,2553
1063,2584
1063,2606
1063,2609
1063,2640
1063,2735
1063,2745
1063,2761
1063,2883
1063,2887
1063,2891
1063,2892
1063,2930
1063,2936
1063,2950
1063,2952
1063,2975
1063,2982
1063,2995
1063,3002
1063,3019
1063,3039
1063,3122
1063,3145
1063,3154
1063,3162
1063,3199
1063,3204
1063,3234
1063,3376
1063,3380
1063,3411
1063,3423
1063,3453
1063,3458
1063,3522
1063,3595
1063,3612
1063,3630
1063,3634
1063,3659
1063,3676
1063,3714
1063,3720
1063,3733
1063,3747
1063,3769
1063,3784
1063,3786
1063,3790
1063,3807
1063,3828
1063,3869
1063,3906
1063,3917
1063,3951
1063,3998
1063,4027
1063,4093
1063,4122
1063,4140
1063,4178
1063,4211
1063,4215
1063,4216
1063,4237
1063,4240
1063,4253
1063,4306
1063,4312
1063,4332
1063,4379
1063,4388
1063,4400
1063,4420
1063,4431
1063,4434
1063,4450
1063,4464
1063,4491
1063,4546
1063,4561
1063,4562
1063,4569
1063,4577
1063,4623
1063,4649
1063,4660
1063,4770
1065,2712
1066,1501
1066,2712
1066,4372
1067,2712
1068,2712
1069,1501
1072,1501
1073,2712
1076,3500
1077,1501
1078,1516
1079,1501
1081,2712
1083,2848
1083,3711
1083,3790
1084,1501
1084,2712
1084,3355
1086,1501
1087,1501
1090,1501
1092,1763
1093,2527
1094,2446
1094,2712
1095,4437
1096,3083
1098,2527
1099,1501
1100,2712
1102,1501
1105,2371
1111,1230
1111,3512
1112,2712
1113,1592
1114,1501
1116,2712
1117,1501
1119,2712
1120,2712
1121,2712
1122,1231
1122,1501
1122,2269
1122,3506
1122,4445
1124,1501
1127,1501
1128,2357
1129,3481
1130,1501
1132,4650
1135,2712
1136,2712
1137,1501
1142,2712
1145,1501
1145,3456
1146,1501
1149,1501
1150,1501
1151,3167
1152,1561
1153,1337
1153,1760
1153,2133
1153,2165
1153,2590
1153,3027
1153,3261
1155,2712
1159,2712
1160,1501
1161,4650
1162,1763
1162,4202
1164,1501
1166,2712
1167,1501
1168,1516
1170,2712
1171,4488
1172,2269
1173,2712
1174,2712
1175,1501
1176,2764
1178,1501
1183,2712
1184,3512
1185,1807
1188,2712
1189,1501
1193,2764
1195,1501
1195,2764
1196,2712
1197,1516
1198,3083
1200,1501
1201,2485
1202,2588
1205,1410
1205,1582
1205,2707
1205,3015
1205,3481
1205,4791
1207,1501
1207,2712
1212,4682
1213,1501
1214,1501
1216,1501
1217,3573
1218,1501
1220,3083
1221,1501
1222,1501
1224,2712
1226,2712
1226,4574
1227,1501
1229,1501
1230,1249
1230,1468
1230,1516
1230,1755
1230,1759
1230,2122
1230,2146
1230,2808
1230,2894
1230,2980
1230,3015
1230,3060
1230,3109
1230,3115
1230,3183
1230,3236
1230,3241
1230,3262
1230,3391
1230,3670
1230,3701
1230,3707
1230,3755
1230,3836
1230,3884
1230,3927
1230,4056
1230,4117
1230,4256
1230,4296
1230,4336
1230,4351
1230,4358
1230,4409
1230,4437
1230,4667
1230,4685
1230,4734
1230,4770
1232,3456
1233,1516
1234,1501
1234,2712
1235,1501
1236,1501
1239,2357
1240,2712
1241,2712
1242,1501
1242,3506
1242,4419
1244,2983
1245,1516
1246,2712
1247,4651
1253,4754
1254,1501
1255,2712
1256,1763
1258,3083
1259,1501
1259,2712
1263,2712
1264,3739
1266,1501
1267,2712
1269,1501
1269,2357
1269,2712
1270,2712
1272,2712
1273,2712
1274,1501
1275,1501
1276,2712
1277,1323
1277,1501
1277,1693
1277,1948
1277,2432
1277,2475
1277,2554
1277,2762
1277,2830
1277,2910
1277,2934
1277,3114
1277,3160
1277,3256
1277,3266
1277,3343
1277,3383
1277,3427
1277,3689
1277,3706
1277,3798
1277,3898
1277,3937
1277,4008
1277,4058
1277,4061
1277,4781
1278,1501
1278,2357
1278,2712
1281,1501
1281,2446
1281,4029
1282,1501
1283,1973
1283,4145
1284,1501
1286,2712
1288,4029
1289,2712
1290,1501
1291,2712
1292,2712
1293,2712
1294,2712
1297,1410
1297,3959
1298,2527
1300,1501
1300,2712
1301,2712
1302,1501
1303,1501
1309,1516
1311,2712
1312,1401
1312,1763
1315,2078
1317,1501
1318,1501
1319,1501
1320,1501
1321,1501
1322,1501
1325,2446
1326,1501
1327,1501
1327,2712
1327,3456
1328,2078
1330,2712
1331,4766
1332,2712
1332,3456
1333,1582
1333,3191
1333,3512
1335,1501
1338,1516
1339,2712
1342,1501
1343,1501
1345,2712
1346,4502
1347,2712
1348,1501
1351,1763
1352,4029
1355,1501
1356,1501
1357,1763
1361,2712
1362,2712
1364,2712
1365,1501
1366,1515
1367,1501
1368,2712
1369,3513
1369,4190
1370,2570
1371,1501
1372,4372
1373,1501
1374,1501
1375,1516
1375,3959
1376,1501
1377,1521
1378,1501
1382,4352
1385,2712
1386,1501
1386,2078
1389,3959
1390,1516
1390,4429
1391,2712
1392,1501
1394,1634
1394,2712
1395,2712
1396,4372
1397,2764
1398,1501
1399,1501
1402,2712
1404,2085
1404,2249
1404,2490
1405,1501
1406,2712
1407,1501
1408,1501
1408,2712
1409,1516
1410,2133
1410,2218
1410,2858
1410,3410
1410,3488
1410,3931
1410,4103
1412,1763
1415,2712
1417,1501
1418,1501
1419,3959
1420,4054
1421,1501
1425,2712
1426,1501
1427,2446
1428,2712
1430,1501
1433,1501
1434,1501
1437,1501
1438,2712
1440,2712
1441,2712
1442,2712
1443,2712
1444,2712
1445,2712
1446,1501
1448,2712
1452,1516
1453,2712
1454,4029
1455,1501
1456,2712
1457,1501
1457,2712
1461,2369
1461,3499
1462,1501
1463,1501
1466,1501
1466,2712
1468,3959
1468,4651
1470,1516
1473,2712
1475,3456
1476,1501
1478,2712
1479,2712
1481,1501
1482,3959
1484,1501
1487,1501
1490,1501
1491,1501
1492,1501
1492,4372
1493,4651
1494,1501
1495,4646
1496,1501
1499,3633
1500,4054
1501,1505
1501,1510
1501,1512
1501,1522
1501,1531
1501,1536
1501,1541
1501,1545
1501,1548
1501,1549
1501,1556
1501,1557
1501,1558
1501,1560
1501,1564
1501,1566
1501,1568
1501,1575
1501,1578
1501,1581
1501,1583
1501,1595
1501,1597
1501,1602
1501,1603
1501,1604
1501,1605
1501,1607
1501,1611
1501,1615
1501,1631
1501,1637
1501,1641
1501,1649
1501,1652
1501,1654
1501,1659
1501,1665
1501,1667
1501,1672
1501,1680
1501,1681
1501,1684
1501,1688
1501,1689
1501,1691
1501,1700
1501,1706
1501,1707
1501,1712
1501,1713
1501,1718
1501,1721
1501,1725
1501,1726
1501,1740
1501,1749
1501,1756
1501,1758
1501,1761
1501,1764
1501,1766
1501,1771
1501,1774
1501,1781
1501,1783
1501,1786
1501,1789
1501,1795
1501,1805
1501,1807
1501,1809
1501,1810
1501,1812
1501,1814
1501,1820
1501,1822
1501,1826
1501,1831
1501,1834
1501,1840
1501,1845
1501,1851
1501,1854
1501,1860
1501,1868
1501,1875
1501,1876
1501,1878
1501,1891
1501,1893
1501,1908
1501,1913
1501,1918
1501,1921
1501,1923
1501,1926
1501,1928
1501,1933
1501,1934
1501,1935
1501,1936
1501,1943
1501,1952
1501,1958
1501,1959
1501,1960
1501,1965
1501,1974
1501,1979
1501,1983
1501,1987
1501,1988
1501,1995
1501,2006
1501,2008
1501,2017
1501,2020
1501,2021
1501,2023
1501,2024
1501,2029
1501,2034
1501,2039
1501,2040
1501,2041
1501,2048
1501,2050
1501,2052
1501,2059
1501,2060
1501,2061
1501,2064
1501,2066
1501,2068
1501,2075
1501,2080
1501,2084
1501,2087
1501,2095
1501,2101
1501,2108
1501,2109
1501,2112
1501,2114
1501,2116
1501,2120
1501,2121
1501,2125
1501,2126
1501,2131
1501,2135
1501,2143
1501,2149
1501,2150
1501,2151
1501,2152
1501,2160
1501,2164
1501,2168
1501,2170
1501,2172
1501,2175
1501,2176
1501,2181
1501,2191
1501,2192
1501,2193
1501,2195
1501,2203
1501,2206
1501,2208
1501,2210
1501,2216
1501,2219
1501,2221
1501,2223
1501,2224
1501,2228
1501,2230
1501,2232
1501,2238
1501,2242
1501,2243
1501,2252
1501,2258
1501,2260
1501,2263
1501,2267
1501,2273
1501,2274
1501,2278
1501,2283
1501,2304
1501,2305
1501,2307
1501,2318
1501,2324
1501,2333
1501,2336
1501,2337
1501,2339
1501,2349
1501,2350
1501,2351
1501,2353
1501,2354
1501,2359
1501,2360
1501,2361
1501,2364
1501,2379
1501,2387
1501,2394
1501,2396
1501,2398
1501,2399
1501,2401
1501,2403
1501,2406
1501,2410
1501,2412
1501,2413
1501,2424
1501,2428
1501,2430
1501,2432
1501,2434
1501,2436
1501,2440
1501,2441
1501,2454
1501,2460
1501,2465
1501,2470
1501,2473
1501,2477
1501,2484
1501,2486
1501,2489
1501,2496
1501,2505
1501,2506
1501,2510
1501,2512
1501,2513
1501,2519
1501,2520
1501,2522
1501,2524
1501,2528
1501,2529
1501,2542
1501,2544
1501,2555
1501,2558
1501,2561
1501,2562
1501,2567
1501,2577
1501,2586
1501,2592
1501,2593
1501,2594
1501,2604
1501,2605
1501,2611
1501,2614
1501,2628
1501,2632
1501,2634
1501,2638
1501,2642
1501,2645
1501,2650
1501,2669
1501,2671
1501,2684
1501,2685
1501,2688
1501,2693
1501,2697
1501,2698
1501,2699
1501,2701
1501,2708
1501,2712
1501,2715
1501,2716
1501,2717
1501,2719
1501,2720
1501,2724
1501,2726
1501,2736
1501,2737
1501,2742
1501,2746
1501,2747
1501,2748
1501,2749
1501,2755
1501,2756
1501,2757
1501,2764
1501,2765
1501,2769
1501,2773
1501,2781
1501,2782
1501,2788
1501,2795
1501,2809
1501,2816
1501,2820
1501,2823
1501,2826
1501,2835
1501,2837
1501,2843
1501,2844
1501,2845
1501,2846
1501,2849
1501,2853
1501,2855
1501,2861
1501,2865
1501,2868
1501,2872
1501,2873
1501,2874
1501,2882
1501,2886
1501,2889
1501,2897
1501,2908
1501,2909
1501,2912
1501,2916
1501,2919
1501,2920
1501,2921
1501,2925
1501,2927
1501,2945
1501,2947
1501,2949
1501,2955
1501,2958
1501,2959
1501,2963
1501,2965
1501,2972
1501,2974
1501,2975
1501,2984
1501,2996
1501,2997
1501,2999
1501,3003
1501,3007
1501,3012
1501,3038
1501,3042
1501,3045
1501,3046
1501,3051
1501,3058
1501,3069
1501,3073
1501,3085
1501,3087
1501,3088
1501,3099
1501,3104
1501,3114
1501,3123
1501,3124
1501,3131
1501,3133
1501,3136
1501,3144
1501,3152
1501,3160
1501,3165
1501,3168
1501,3171
1501,3172
1501,3179
1501,3184
1501,3187
1501,3193
1501,3198
1501,3200
1501,3208
1501,3217
1501,3218
1501,3225
1501,3230
1501,3231
1501,3235
1501,3246
1501,3248
1501,3249
1501,3254
1501,3255
1501,3256
1501,3258
1501,3260
1501,3263
1501,3268
1501,3274
1501,3277
1501,3279
1501,3287
1501,3288
1501,3295
1501,3306
1501,3309
1501,3311
1501,3312
1501,3323
1501,3324
1501,3325
1501,3332
1501,3335
1501,3337
1501,3339
1501,3341
1501,3342
1501,3344
1501,3345
1501,3349
1501,3350
1501,3351
1501,3352
1501,3353
1501,3373
1501,3375
1501,3378
1501,3381
1501,3384
1501,3385
1501,3403
1501,3406
1501,3408
1501,3409
1501,3413
1501,3420
1501,3425
1501,3427
1501,3436
1501,3440
1501,3441
1501,3444
1501,3451
1501,3459
1501,3461
1501,3463
1501,3466
1501,3468
1501,3472
1501,3473
1501,3474
1501,3486
1501,3491
1501,3511
1501,3518
1501,3519
1501,3521
1501,3524
1501,3530
1501,3532
1501,3533
1501,3534
1501,3536
1501,3538
1501,3539
1501,3558
1501,3562
1501,3563
1501,3564
1501,3566
1501,3569
1501,3575
1501,3576
1501,3578
1501,3580
1501,3581
1501,3583
1501,3606
1501,3608
1501,3624
1501,3625
1501,3642
1501,3649
1501,3655
1501,3658
1501,3660
1501,3666
1501,3681
1501,3682
1501,3683
1501,3687
1501,3688
1501,3691
1501,3692
1501,3693
1501,3702
1501,3705
1501,3708
1501,3709
1501,3710
1501,3719
1501,3722
1501,3726
1501,3737
1501,3745
1501,3746
1501,3748
1501,3750
1501,3752
1501,3754
1501,3765
1501,3770
1501,3776
1501,3782
1501,3785
1501,3792
1501,3794
1501,3796
1501,3797
1501,3800
1501,3804
1501,3805
1501,3819
1501,3822
1501,3837
1501,3846
1501,3852
1501,3862
1501,3868
1501,3870
1501,3874
1501,3875
1501,3876
1501,3877
1501,3885
1501,3886
1501,3894
1501,3896
1501,3897
1501,3901
1501,3902
1501,3913
1501,3916
1501,3918
1501,3921
1501,3936
1501,3937
1501,3938
1501,3943
1501,3952
1501,3954
1501,3958
1501,3960
1501,3965
1501,3966
1501,3971
1501,3974
1501,3986
1501,3994
1501,4007
1501,4014
1501,4015
1501,4017
1501,4022
1501,4028
1501,4044
1501,4045
1501,4053
1501,4055
1501,4057
1501,4058
1501,4059
1501,4060
1501,4070
1501,4073
1501,4079
1501,4081
1501,4091
1501,4092
1501,4094
1501,4104
1501,4105
1501,4129
1501,4132
1501,4139
1501,4144
1501,4149
1501,4152
1501,4154
1501,4158
1501,4159
1501,4161
1501,4163
1501,4166
1501,4168
1501,4170
1501,4174
1501,4182
1501,4185
1501,4191
1501,4196
1501,4197
1501,4200
1501,4201
1501,4209
1501,4212
1501,4213
1501,4214
1501,4234
1501,4238
1501,4252
1501,4255
1501,4270
1501,4274
1501,4286
1501,4298
1501,4307
1501,4310
1501,4324
1501,4329
1501,4333
1501,4338
1501,4343
1501,4347
1501,4355
1501,4357
1501,4364
1501,4365
1501,4373
1501,4377
1501,4392
1501,4396
1501,4401
1501,4406
1501,4422
1501,4423
1501,4426
1501,4428
1501,4433
1501,4436
1501,4438
1501,4439
1501,4442
1501,4443
1501,4444
1501,4447
1501,4462
1501,4475
1501,4481
1501,4484
1501,4490
1501,4492
1501,4498
1501,4504
1501,4530
1501,4544
1501,4549
1501,4552
1501,4567
1501,4580
1501,4582
1501,4583
1501,4584
1501,4589
1501,4593
1501,4598
1501,4602
1501,4609
1501,4611
1501,4615
1501,4628
1501,4638
1501,4640
1501,4641
1501,4642
1501,4661
1501,4666
1501,4672
1501,4686
1501,4692
1501,4695
1501,4715
1501,4716
1501,4717
1501,4726
1501,4731
1501,4742
1501,4744
1501,4748
1501,4749
1501,4765
1501,4779
1501,4785
1501,4787
1501,4789
1501,4799
1504,1763
1504,4054
1504,4202
1505,2764
1507,3456
1508,2712
1510,2712
1513,2712
1515,3141
1515,3980
1516,1543
1516,1563
1516,1589
1516,1608
1516,1609
1516,1622
1516,1629
1516,1717
1516,1736
1516,1784
1516,1796
1516,1815
1516,1838
1516,1916
1516,1922
1516,1940
1516,1967
1516,2000
1516,2001
1516,2030
1516,2044
1516,2070
1516,2124
1516,2129
1516,2146
1516,2147
1516,2196
1516,2211
1516,2236
1516,2330
1516,2348
1516,2368
1516,2405
1516,2419
1516,2468
1516,2507
1516,2533
1516,2540
1516,2560
1516,2585
1516,2597
1516,2623
1516,2636
1516,2643
1516,2646
1516,2662
1516,2695
1516,2761
1516,2877
1516,2938
1516,3029
1516,3032
1516,3076
1516,3130
1516,3162
1516,3169
1516,3173
1516,3195
1516,3207
1516,3209
1516,3286
1516,3293
1516,3301
1516,3392
1516,3411
1516,3497
1516,3593
1516,3611
1516,3615
1516,3617
1516,3626
1516,3712
1516,3718
1516,3730
1516,3731
1516,3759
1516,3773
1516,3812
1516,3820
1516,3835
1516,3889
1516,3924
1516,3942
1516,4041
1516,4078
1516,4083
1516,4090
1516,4138
1516,4217
1516,4224
1516,4260
1516,4313
1516,4316
1516,4393
1516,4465
1516,4476
1516,4487
1516,4514
1516,4525
1516,4533
1516,4557
1516,4597
1516,4653
1516,4676
1516,4680
1516,4727
1516,4735
1516,4771
1516,4790
1517,3959
1519,2078
1520,2764
1521,2712
1528,2712
1533,2712
1534,3500
1539,2712
1540,4372
1541,2078
1545,2712
1548,2712
1551,2712
1554,3512
1554,4349
1555,2712
1559,2712
1565,2712
1565,3609
1568,4372
1570,2712
1572,2712
1575,2446
1575,2712
1576,3167
1579,2764
1580,4372
1582,1657
1582,1949
1582,2130
1582,2294
1582,2416
1582,2759
1582,3150
1582,3460
1582,3739
1582,3790
1582,3823
1582,3975
1582,4160
1582,4407
1582,4697
1582,4770
1585,2712
1586,2712
1592,2545
1593,2712
1595,2078
1601,2712
1606,2446
1616,3573
1618,2712
1619,2712
1620,2712
1621,2912
1623,3456
1625,2712
1626,4437
1628,2446
1629,4054
1631,3660
1632,2712
1634,3159
1634,3790
1635,2712
1638,2712
1640,2939
1642,2357
1642,2712
1643,2570
1647,2446
1650,2712
1651,1763
1652,2357
1652,2712
1652,3456
1656,2712
1661,2570
1663,4029
1666,2712
1667,2357
1673,2446
1675,4646
1676,4651
1678,2712
1679,2712
1680,2712
1683,2712
1684,2712
1685,2712
1686,2133
1687,2446
1690,3231
1692,3739
1695,4054
1699,2712
1704,4054
1705,3959
1707,2712
1709,2712
1710,2446
1711,2712
1713,2712
1718,2712
1723,3633
1726,2712
1726,4029
1728,2712
1729,4470
1735,2712
1740,2712
1744,2712
1745,1763
1746,2712
1750,2712
1751,2712
1753,4054
1754,1763
1755,3959
1759,3512
1759,3699
1759,3739
1762,2712
1763,1767
1763,1778
1763,1832
1763,1920
1763,2026
1763,2049
1763,2129
1763,2146
1763,2288
1763,2316
1763,2338
1763,2600
1763,2616
1763,2805
1763,2892
1763,2896
1763,2903
1763,2990
1763,2994
1763,3240
1763,3247
1763,3301
1763,3560
1763,3634
1763,3651
1763,3665
1763,3697
1763,3711
1763,3772
1763,3839
1763,3841
1763,3860
1763,3928
1763,4095
1763,4103
1763,4431
1763,4550
1763,4722
1763,4758
1764,2446
1768,2764
1771,2712
1775,3959
1783,2712
1785,2446
1787,2712
1791,2712
1795,2357
1798,2712
1801,2712
1804,3959
1806,2712
1809,4762
1811,2446
1813,4054
1818,2712
1819,2712
1821,3512
1821,4651
1825,2712
1829,2712
1830,2712
1831,2712
1835,2588
1842,2712
1852,3167
1853,2712
1856,2712
1859,2712
1863,2712
1864,2712
1865,2712
1868,2712
1870,2712
1871,3048
1871,3337
1871,3355
1871,4631
1872,2712
1877,4054
1881,2712
1882,2712
1884,2712
1885,4372
1886,2712
1896,4054
1897,3959
1902,3512
1905,4202
1906,2445
1907,2712
1909,2712
1910,2712
1927,2712
1931,4621
1936,2712
1942,2570
1944,4646
1954,2712
1959,2117
1960,2357
1961,2668
1963,2712
1964,2712
1966,4766
1968,2712
1973,2219
1973,2485
1973,2902
1973,3834
1973,4535
1975,2712
1979,2712
1989,2712
1990,2707
1991,4202
1994,2570
1995,2712
1996,2712
1999,3959
2008,2712
2009,2712
2017,4029
2019,3959
2021,3231
2022,2712
2025,4054
2028,2712
2032,3959
2033,2712
2042,2712
2044,3415
2045,3500
2046,2712
2048,3914
2051,2712
2055,2712
2056,3512
2069,2446
2070,4651
2073,3512
2077,2712
2078,2125
2078,2150
2078,2192
2078,2353
2078,2358
2078,2403
2078,2426
2078,2578
2078,2712
2078,2738
2078,2746
2078,2981
2078,3186
2078,3243
2078,3289
2078,3529
2078,3571
2078,3608
2078,3745
2078,3873
2078,3907
2078,3933
2078,3957
2078,3979
2078,4060
2078,4189
2078,4210
2078,4248
2078,4291
2078,4359
2078,4490
2078,4745
2081,2712
2085,4766
2086,2712
2094,4767
2095,2712
2097,3959
2098,2712
2102,2712
2103,2712
2105,4054
2106,2712
2109,3660
2110,2712
2111,4651
2116,2712
2125,4372
2127,2712
2128,2712
2130,3083
2133,4771
2135,2712
2142,2432
2148,2712
2150,2712
2150,2764
2151,2357
2151,2712
2151,3324
2154,4651
2161,2712
2167,3505
2180,2446
2186,2712
2188,2712
2191,2712
2192,2712
2199,2712
2201,3167
2204,2712
2204,4762
2205,2712
2208,2712
2213,2712
2215,3456
2219,2712
2220,2712
2222,2712
2225,2712
2227,3167
2229,3739
2231,2712
2232,4372
2239,4202
2243,2446
2243,3048
2244,3456
2245,4077
2247,4054
2248,4767
2251,4195
2252,2764
2252,3231
2254,3083
2255,3083
2256,2712
2259,4029
2261,2712
2264,2712
2269,2663
2269,2666
2269,3829
2270,4408
2271,2912
2275,4054
2276,2712
2279,4145
2281,3482
2283,2712
2286,2712
2291,3512
2292,2712
2293,3083
2295,4437
2296,3959
2297,2712
2299,2712
2301,2712
2302,2357
2303,2712
2308,2712
2315,3959
2316,2588
2316,3807
2319,2446
2323,2764
2324,2712
2325,2647
2340,2712
2341,2357
2341,2712
2343,2446
2343,2712
2347,3959
2352,3974
2353,2712
2354,2446
2354,2712
2354,3660
2356,2712
2357,2365
2357,2462
2357,2478
2357,2677
2357,2781
2357,2830
2357,3105
2357,3118
2357,3134
2357,3146
2357,3283
2357,3406
2357,3489
2357,3568
2357,3576
2357,3637
2357,3719
2357,3803
2357,3815
2357,3963
2357,4002
2357,4335
2357,4386
2357,4554
2357,4593
2357,4785
2359,2712
2363,4054
2364,2712
2365,2712
2366,3456
2372,4054
2373,2712
2378,3500
2380,2712
2382,2712
2387,2712
2392,3456
2404,3707
2407,4054
2411,3456
2415,2712
2417,4372
2418,2712
2425,2712
2427,3083
2429,2712
2433,2446
2439,2446
2445,3827
2445,3899
2445,4184
2446,2450
2446,2541
2446,2583
2446,2770
2446,3223
2446,3224
2446,3231
2446,3249
2446,3459
2446,3494
2446,3507
2446,3511
2446,3587
2446,3709
2446,3720
2446,3745
2446,3986
2446,3995
2446,4000
2446,4017
2446,4026
2446,4181
2446,4200
2446,4212
2446,4234
2446,4432
2446,4440
2446,4507
2446,4606
2446,4654
2446,4742
2448,2712
2450,2712
2452,2712
2455,2707
2456,3500
2459,4437
2470,2712
2474,2712
2478,2712
2480,2712
2482,3959
2485,4271
2491,4202
2492,2712
2495,2712
2500,2712
2502,4029
2503,3083
2511,3959
2511,4651
2525,2712
2527,2635
2527,3787
2531,2712
2536,2712
2538,2712
2546,2712
2546,2764
2547,2712
2549,2712
2550,4763
2557,3500
2557,4075
2559,2712
2561,2764
2563,2712
2564,2712
2570,2728
2570,3450
2570,3678
2570,3698
2570,3810
2570,3861
2570,3951
2570,4133
2572,4610
2576,2712
2580,4372
2588,2662
2588,2676
2588,3153
2588,4037
2588,4194
2588,4301
2588,4308
2588,4478
2588,4550
2600,4202
2601,2712
2607,2712
2612,4054
2617,3959
2618,3679
2619,2712
2621,4284
2622,2712
2624,2668
2627,2712
2633,3083
2651,2712
2654,2712
2658,2712
2667,3959
2668,2686
2668,3015
2668,3586
2668,3790
2668,4049
2668,4551
2668,4618
2672,3456
2673,3790
2678,2712
2681,2712
2682,2712
2684,4372
2687,3739
2688,2712
2689,2712
2690,2712
2692,4698
2694,2712
2696,2712
2701,2712
2702,2712
2705,2712
2707,3130
2707,3137
2707,3488
2707,3931
2707,4459
2709,2712
2709,3456
2711,2712
2712,2714
2712,2717
2712,2719
2712,2720
2712,2724
2712,2736
2712,2744
2712,2751
2712,2753
2712,2760
2712,2769
2712,2772
2712,2774
2712,2776
2712,2781
2712,2785
2712,2786
2712,2815
2712,2817
2712,2818
2712,2824
2712,2830
2712,2836
2712,2844
2712,2855
2712,2860
2712,2868
2712,2875
2712,2878
2712,2879
2712,2880
2712,2907
2712,2912
2712,2913
2712,2925
2712,2926
2712,2931
2712,2933
2712,2941
2712,2951
2712,2956
2712,2961
2712,2969
2712,2970
2712,2979
2712,2988
2712,2997
2712,2999
2712,3037
2712,3043
2712,3046
2712,3050
2712,3066
2712,3075
2712,3081
2712,3082
2712,3089
2712,3092
2712,3105
2712,3108
2712,3114
2712,3121
2712,3127
2712,3128
2712,3152
2712,3165
2712,3170
2712,3171
2712,3172
2712,3174
2712,3178
2712,3184
2712,3188
2712,3192
2712,3202
2712,3203
2712,3216
2712,3222
2712,3230
2712,3231
2712,3239
2712,3242
2712,3266
2712,3270
2712,3279
2712,3282
2712,3297
2712,3303
2712,3306
2712,3307
2712,3316
2712,3320
2712,3329
2712,3335
2712,3336
2712,3342
2712,3352
2712,3355
2712,3359
2712,3360
2712,3371
2712,3375
2712,3378
2712,3382
2712,3383
2712,3384
2712,3395
2712,3397
2712,3399
2712,3403
2712,3406
2712,3414
2712,3422
2712,3427
2712,3429
2712,3433
2712,3436
2712,3439
2712,3441
2712,3444
2712,3446
2712,3447
2712,3448
2712,3465
2712,3472
2712,3475
2712,3476
2712,3479
2712,3490
2712,3491
2712,3495
2712,3498
2712,3508
2712,3514
2712,3515
2712,3518
2712,3520
2712,3521
2712,3530
2712,3533
2712,3538
2712,3542
2712,3546
2712,3548
2712,3550
2712,3561
2712,3575
2712,3580
2712,3608
2712,3623
2712,3650
2712,3653
2712,3656
2712,3663
2712,3667
2712,3681
2712,3686
2712,3690
2712,3696
2712,3709
2712,3715
2712,3717
2712,3726
2712,3728
2712,3734
2712,3737
2712,3741
2712,3745
2712,3752
2712,3763
2712,3765
2712,3805
2712,3811
2712,3814
2712,3818
2712,3819
2712,3838
2712,3845
2712,3846
2712,3847
2712,3850
2712,3852
2712,3870
2712,3871
2712,3874
2712,3878
2712,3881
2712,3885
2712,3886
2712,3888
2712,3900
2712,3903
2712,3904
2712,3911
2712,3912
2712,3916
2712,3919
2712,3930
2712,3937
2712,3944
2712,3947
2712,3948
2712,3949
2712,3957
2712,3966
2712,3970
2712,3977
2712,3978
2712,3979
2712,3999
2712,4000
2712,4001
2712,4007
2712,4018
2712,4019
2712,4020
2712,4023
2712,4024
2712,4025
2712,4029
2712,4032
2712,4034
2712,4035
2712,4040
2712,4042
2712,4043
2712,4044
2712,4055
2712,4058
2712,4071
2712,4080
2712,4082
2712,4086
2712,4092
2712,4101
2712,4104
2712,4106
2712,4111
2712,4118
2712,4136
2712,4139
2712,4142
2712,4146
2712,4147
2712,4167
2712,4177
2712,4185
2712,4188
2712,4189
2712,4219
2712,4220
2712,4223
2712,4234
2712,4239
2712,4244
2712,4247
2712,4251
2712,4252
2712,4255
2712,4269
2712,4271
2712,4275
2712,4277
2712,4285
2712,4286
2712,4287
2712,4290
2712,4297
2712,4307
2712,4314
2712,4324
2712,4325
2712,4328
2712,4329
2712,4335
2712,4337
2712,4355
2712,4356
2712,4357
2712,4359
2712,4365
2712,4369
2712,4374
2712,4377
2712,4378
2712,4389
2712,4399
2712,4402
2712,4404
2712,4412
2712,4416
2712,4418
2712,4435
2712,4439
2712,4440
2712,4441
2712,4446
2712,4447
2712,4449
2712,4454
2712,4460
2712,4462
2712,4469
2712,4474
2712,4479
2712,4490
2712,4493
2712,4503
2712,4522
2712,4523
2712,4527
2712,4532
2712,4544
2712,4567
2712,4572
2712,4580
2712,4581
2712,4586
2712,4593
2712,4600
2712,4602
2712,4615
2712,4620
2712,4627
2712,4642
2712,4659
2712,4669
2712,4672
2712,4674
2712,4687
2712,4696
2712,4704
2712,4708
2712,4716
2712,4736
2712,4740
2712,4742
2712,4752
2712,4768
2712,4782
2712,4792
2712,4795
2712,4796
2712,4797
2712,4811
2718,3083
2764,3456
2764,3609
2764,3647
2764,3781
2764,3865
2764,3866
2764,4104
2764,4170
2764,4277
2764,4353
2764,4398
2764,4467
2764,4683
2764,4768
2779,4763
2780,4560
2794,4437
2797,4054
2797,4202
2802,4075
2825,4054
2828,4372
2832,4202
2834,3456
2847,4075
2848,3167
2850,3739
2857,3015
2867,3213
2869,3167
2871,4266
2871,4640
2877,4662
2892,3573
2897,4015
2897,4341
2898,4762
2900,3456
2920,3456
2920,3937
2920,4408
2924,4054
2933,4029
2935,3959
2940,3456
2948,3959
2962,3083
2963,4372
2964,3959
2977,3083
2987,3358
2987,4662
3001,4470
3014,3015
3015,3022
3015,3240
3015,3610
3015,4102
3015,4712
3015,4723
3033,4054
3033,4763
3040,3739
3041,3749
3047,3500
3047,4054
3067,3699
3067,3959
3083,3185
3083,3271
3083,3783
3083,3895
3083,3925
3083,4085
3083,4172
3083,4224
3083,4272
3083,4289
3083,4327
3083,4711
3083,4727
3083,4772
3090,4470
3101,4054
3103,4054
3107,4054
3110,4477
3125,4470
3126,4054
3133,4372
3142,4646
3149,3441
3150,4657
3152,3660
3156,3974
3157,3456
3159,4160
3162,3167
3167,3405
3167,3457
3167,3458
3167,3469
3167,3801
3167,4016
3169,4202
3181,4279
3188,3355
3199,3959
3206,4763
3213,3512
3223,4470
3226,4279
3229,4016
3229,4662
3229,4681
3240,3506
3240,4657
3248,4372
3250,3959
3251,4470
3252,4202
3262,3739
3262,3959
3273,3643
3291,4621
3302,3959
3304,4437
3317,4054
3318,4718
3328,3699
3346,3481
3348,3573
3355,3764
3355,4115
3361,4054
3363,4029
3367,4391
3377,3500
3403,4372
3405,3506
3405,4013
3412,3500
3416,3500
3417,4218
3423,3633
3434,3500
3441,4408
3443,4213
3456,3515
3456,3531
3456,3725
3456,3968
3456,4043
3456,4058
3456,4104
3459,4757
3459,4762
3467,3959
3480,4603
3481,3610
3481,3712
3481,3729
3481,3790
3481,4608
3485,3959
3488,4791
3496,3739
3500,3552
3500,3713
3500,4127
3500,4319
3500,4394
3500,4429
3500,4599
3500,4622
3505,4004
3506,4284
3512,3588
3512,3760
3512,3820
3512,3859
3512,4050
3512,4222
3512,4487
3512,4566
3512,4579
3512,4588
3512,4592
3512,4604
3512,4728
3523,4651
3526,3959
3528,3959
3531,4012
3531,4077
3535,4202
3547,4646
3567,4054
3572,4029
3573,4591
3590,3707
3597,4437
3597,4657
3601,3739
3609,4096
3622,4372
3627,4029
3632,4054
3633,4655
3635,4470
3639,3807
3643,3771
3643,3790
3643,4206
3643,4306
3643,4309
3643,4559
3656,4145
3660,3997
3662,4054
3690,3864
3690,4762
3695,4541
3701,4352
3711,3959
3720,4054
3732,4651
3733,4202
3739,3740
3739,3788
3739,3950
3739,4127
3739,4137
3739,4342
3739,4564
3749,4075
3751,4420
3756,3959
3762,4470
3774,4657
3775,4029
3779,4646
3783,4651
3790,4698
3797,3974
3802,3959
3803,4372
3822,4372
3824,3959
3826,3842
3829,3959
3829,4391
3830,4662
3832,4054
3844,3959
3854,4470
3855,4516
3856,3879
3867,4054
3879,4224
3890,3959
3891,4054
3892,4646
3895,4202
3917,3959
3920,4054
3922,4470
3931,3959
3937,4358
3941,4243
3951,4054
3959,3969
3959,4112
3959,4127
3959,4172
3959,4259
3959,4318
3959,4330
3959,4360
3959,4410
3959,4512
3959,4520
3959,4521
3959,4536
3959,4542
3959,4545
3959,4625
3959,4629
3959,4644
3959,4770
3959,4780
3965,4271
3967,4054
3974,4161
3974,4294
3990,4029
3990,4372
4006,4054
4016,4095
4016,4651
4016,4662
4022,4470
4029,4097
4029,4121
4029,4131
4029,4242
4029,4377
4029,4424
4029,4439
4029,4463
4029,4530
4029,4803
4031,4437
4037,4541
4046,4279
4049,4651
4054,4109
4054,4113
4054,4228
4054,4233
4054,4363
4054,4461
4054,4501
4054,4519
4054,4680
4054,4720
4054,4805
4058,4372
4075,4225
4075,4381
4075,4505
4075,4550
4075,4759
4120,4271
4127,4662
4148,4662
4151,4372
4162,4646
4202,4755
4213,4662
4271,4298
4271,4639
4290,4372
4370,4382
4372,4403
4372,4411
4380,4604
4408,4526
4420,4621
4429,4604
4437,4690
4465,4634
4613,4646
4613,4651
4613,4662
4635,4763
4646,4651
4646,4662
4646,4713
4646,4770
4651,4662
4651,4713
4662,4681
4662,4703
