user_id,ideal_point
0,-0.54714066
1,0.7452051
2,-0.84703296
3,0.067348786
4,-0.7338808
5,-0.9315322
6,-0.5545578
7,-0.28570843
8,-0.08425537
9,-1.1141744
10,0.031082846
11,-0.8730679
12,-0.50811267
13,-0.7781058
14,0.33801252
15,0.24993673
16,-0.8458186
17,-1.034057
18,-0.4154686
19,0.22691682
20,-0.32608622
21,0.15975715
22,-0.23805329
23,-0.8744249
24,-0.20053677
25,0.07526073
26,-0.51723874
27,-0.07326479
28,0.65629286
29,-1.0396489
30,0.027547967
31,-0.54916286
32,-0.56153345
33,-0.20972149
34,-0.59428936
35,-0.56992096
36,-0.3962881
37,-1.0837188
38,0.35879266
39,-0.44920176
40,-0.6475624
41,-0.85798615
42,-1.0731683
43,-1.0938485
44,-0.2504388
45,-1.1872911
46,-0.6497246
47,-0.17654496
48,-0.13583045
49,-0.21471967
50,-0.5689459
51,-0.69773763
52,0.49230295
53,-0.28197613
54,-0.74714434
55,-0.3271923
56,-0.1832331
57,-0.7366265
58,-0.37021068
59,-0.13925968
60,-0.38272157
61,0.42042556
62,-0.6827176
63,-0.32632
64,-0.65637416
65,0.25218725
66,-0.38286242
67,-0.68043727
68,-0.17251696
69,-0.27427158
70,-0.37743083
71,0.2588428
72,-0.14102998
73,0.46239245
74,-0.5966476
75,0.5196782
76,-0.39857626
77,-0.7484423
78,-0.4845739
79,-0.44289628
80,-0.7624928
81,-0.24884775
82,-0.7493131
83,-0.47674498
84,-0.9268251
85,-0.44190556
86,-0.8450369
87,0.39227912
88,-0.08693453
89,0.04398774
90,-0.202716
91,0.17158724
92,-0.24630788
93,-0.47690597
94,-0.91566646
95,0.26621142
96,1.2496551
97,-0.12581888
98,1.5025383
99,0.10565237
100,-0.31298524
101,-0.24581225
102,-0.20070842
103,-0.80711484
104,0.7593975
105,-0.6999338
106,-0.45426774
107,-0.4207476
108,-0.44891116
109,-0.41721576
110,-0.6802504
111,-0.48754075
112,-0.24704684
113,0.5834459
114,-0.46269035
115,-0.72014344
116,-0.15944119
117,-0.4514005
118,-0.6052419
119,-0.39493814
120,0.27845296
121,-0.52809024
122,0.23979048
123,-0.2687881
124,-0.6113727
125,-0.0076549896
126,-0.003384309
127,-0.75599456
128,0.1460937
129,-0.017844243
130,0.22811937
131,-0.41175246
132,-1.3786817
133,-1.33626
134,-0.14244734
135,-0.546187
136,-0.5598818
137,0.8471106
138,0.0137445545
139,-0.88815564
140,-0.709329
141,-0.6005205
142,-0.8940021
143,-0.16136274
144,-0.21225013
145,-0.5530147
146,-0.6615074
147,0.088441834
148,1.2572479
149,-0.77804935
150,-0.27675885
151,-0.1649711
152,-0.48683402
153,0.11345545
154,-0.05046859
155,-0.3993969
156,-0.25269225
157,-0.27755097
158,-0.7127148
159,0.07407874
160,-0.70900583
161,-0.34934145
162,0.06445001
163,-0.58267754
164,-0.57043135
165,-0.46258283
166,-0.77065897
167,-0.59014755
168,-0.19989575
169,0.066487685
170,-0.16470928
171,0.40708572
172,-0.18078615
173,-0.10245337
174,-0.10348261
175,1.1040077
176,-0.14227033
177,1.2630117
178,-0.10390539
179,-0.4844091
180,0.2087011
181,-0.5550857
182,-0.7238117
183,0.085207194
184,-0.39784852
185,-0.33719695
186,0.0096424855
187,-0.16133134
188,-0.85800654
189,-0.7433695
190,-0.5573459
191,-0.60575736
192,-0.11000436
193,-0.03029257
194,-0.22982372
195,0.0931085
196,0.19807617
197,-0.9771431
198,-0.66482246
199,-0.6252759
200,-0.4074535
201,-0.15020263
202,0.7637398
203,-0.36824083
204,0.7277841
205,-0.76699084
206,-0.73494273
207,-0.101418436
208,-0.10144486
209,0.5965957
210,-0.62909466
211,-0.45085087
212,-0.25897336
213,-0.037133906
214,0.20673515
215,0.5560406
216,-0.8138205
217,-0.25662455
218,-0.5011485
219,-0.675001
220,-0.5625891
221,-0.65397424
222,0.30145296
223,-0.16320185
224,-0.7993901
225,-0.28544265
226,-1.1102566
227,-0.3361926
228,-0.19846189
229,-0.2862618
230,-0.30391648
231,-0.7347867
232,-0.89931834
233,-0.7751956
234,-0.115834504
235,-0.95213
236,-0.45814222
237,0.114849314
238,-1.371707
239,0.83038735
240,-0.7516069
241,-0.101071075
242,-0.113571055
243,-0.17573589
244,-0.6109654
245,-0.4631732
246,-1.2796835
247,-0.49203408
248,-0.8726283
249,-0.63248575
250,0.4421582
251,-0.43558535
252,-0.3107759
253,-0.73137045
254,0.10445331
255,-0.6863654
256,0.037383594
257,-0.42663342
258,-0.37396568
259,-0.2784932
260,-0.56700855
261,-0.711746
262,-0.5997397
263,-0.701179
264,-0.5102338
265,-0.64617455
266,0.49979112
267,-0.8057044
268,0.010292159
269,-0.8537721
270,0.22524574
271,-0.38721314
272,-0.32903433
273,-0.9541863
274,-0.6826567
275,-0.33532494
276,-0.33057272
277,-0.49091354
278,0.19287764
279,1.141059
280,-0.90377516
281,-0.646127
282,-0.64746183
283,-0.48751935
284,0.36215806
285,0.9029814
286,-0.62217295
287,0.37753177
288,0.0933833
289,-0.25328267
290,0.6475965
291,-0.6256136
292,-0.43642175
293,-0.90572816
294,-0.3457917
295,-0.52387196
296,-0.20039064
297,-0.048841525
298,0.22664236
299,-0.69695437
300,-0.30212834
301,-0.35909814
302,0.06812294
303,-0.3981091
304,-0.886721
305,-0.7170218
306,-0.562311
307,-0.686047
308,-0.7618048
309,-0.5702954
310,-0.5268124
311,-0.6642872
312,-0.4639449
313,-0.49774367
314,0.49923217
315,0.1739383
316,-0.7274796
317,-0.3246963
318,0.119368054
319,0.7583539
320,-0.39571834
321,0.01592361
322,-0.5887519
323,-0.66237473
324,0.022316132
325,0.68572354
326,-0.3036265
327,-0.15656692
328,-0.7201925
329,-0.12827408
330,-0.6174278
331,-0.32611164
332,-0.55640525
333,-0.941866
334,-1.0210682
335,-0.27410495
336,-0.01645908
337,-0.14190614
338,-0.84235734
339,-0.56310254
340,-0.7766911
341,-0.8357987
342,-0.001223116
343,-0.31087843
344,-0.51978916
345,-0.030128157
346,-0.4003587
347,-0.28331545
348,-0.3670787
349,-0.34514228
350,0.5193754
351,-0.65541136
352,-0.28883874
353,-0.22580703
354,-0.72523564
355,-0.5140395
356,-0.83972186
357,1.0161042
358,-0.053572778
359,-0.5980504
360,-0.17075963
361,-0.43867958
362,-0.47516444
363,-0.3688318
364,-0.6476254
365,-0.49336675
366,-0.61426467
367,-0.40312332
368,-0.47334498
369,-0.3382165
370,-0.9037683
371,-0.044891775
372,-0.67821085
373,0.9263849
374,-0.5504571
375,-0.71249944
376,-0.3324611
377,-0.59598154
378,-0.26868805
379,-0.65814435
380,-0.17684762
381,-0.79423213
382,-0.795155
383,0.14635663
384,-0.6247318
385,0.035070427
386,-0.9477886
387,1.0273706
388,-0.41101763
389,-0.16792992
390,-0.3543086
391,-0.76515925
392,0.069263875
393,-0.0445707
394,-0.3746201
395,-0.72336537
396,0.88861054
397,-0.16129085
398,-0.93941295
399,-0.15628326
400,-0.7251968
401,0.7434251
402,-0.72724
403,-0.007503603
404,-0.8748939
405,0.55115646
406,0.79311734
407,-0.1729413
408,-0.74642074
409,-0.2136496
410,-0.6514284
411,-0.017746326
412,-0.992626
413,-0.40038407
414,-0.08964205
415,-0.92204356
416,-0.09567028
417,-0.23325773
418,0.03616045
419,-0.5340543
420,0.36732814
421,-0.6146075
422,0.36372072
423,-0.44606563
424,-0.71020323
425,-0.48472792
426,-0.11439201
427,-0.44490477
428,-0.37040302
429,-0.064243615
430,0.37865362
431,-0.23388362
432,-0.28276533
433,0.86192524
434,-0.58492297
435,-0.83963406
436,-0.66669893
437,-0.63680804
438,-0.5383687
439,-0.26853207
440,0.61582154
441,0.07540111
442,-0.10742515
443,-0.54885393
444,-0.4870621
445,-0.04967378
446,-0.3522575
447,-0.4848365
448,-0.30581656
449,-0.14346044
450,-0.096440025
451,-0.6971332
452,-0.56505525
453,-1.0908664
454,-0.5434841
455,-0.40654492
456,-0.6836874
457,-0.63906634
458,-0.20698175
459,-0.5534076
460,-0.63982105
461,0.030923255
462,-0.66875166
463,-0.38600236
464,-0.0586095
465,-0.304937
466,-1.198806
467,-0.5864369
468,-0.34209996
469,-0.7385977
470,-0.334161
471,-0.61685324
472,-0.5934872
473,-0.6318348
474,-0.684294
475,-0.38911006
476,-0.33945653
477,0.8198632
478,-0.6355579
479,-0.23409401
480,-0.2879039
481,0.046273783
482,-0.14970258
483,-0.18291837
484,-1.0272993
485,-0.31285354
486,0.58216935
487,-0.4250483
488,-0.8078648
489,-0.53590506
490,-0.2607265
491,-0.9773229
492,-0.7542831
493,-0.2748804
494,-0.50633234
495,0.17553239
496,-0.522844
497,-0.6535864
498,-0.9781503
499,-0.173577
500,0.87735534
501,-0.7930968
502,0.5187578
503,-0.28352407
504,-0.2746985
505,-0.29235902
506,-0.17944062
507,-0.7861655
508,0.17630365
509,-0.27382168
510,-0.17727406
511,-0.13296969
512,-0.1521561
513,-0.65520114
514,-0.1749452
515,-0.23011325
516,-0.292074
517,-0.44636595
518,0.32882988
519,-0.28024608
520,-0.2805139
521,-0.64077693
522,-1.0517048
523,-0.056786716
524,-0.4484912
525,-0.96533906
526,-0.82655174
527,-0.34572324
528,-0.78430355
529,0.2903616
530,-0.6525719
531,-0.67918277
532,-0.4517854
533,-0.015824985
534,0.5419486
535,-0.37102005
536,-0.3725091
537,-0.885677
538,-0.070211716
539,-0.7739686
540,-0.85159695
541,-0.1377935
542,-0.62103516
543,-0.048542507
544,0.9875793
545,-0.69583166
546,0.5727964
547,-0.009214746
548,-0.51035273
549,-1.0119859
550,-0.41773087
551,-0.20276625
552,-0.46446624
553,-0.44936997
554,-0.7869526
555,0.4782286
556,-0.37531722
557,-0.93331534
558,-0.17957333
559,-0.17872606
560,-0.22424588
561,-0.4504132
562,-0.6028165
563,-0.77013326
564,-0.44992465
565,-0.7554697
566,-0.3484037
567,-0.5218209
568,-0.32299563
569,-0.5030605
570,-0.46029466
571,-0.72676635
572,-0.059638035
573,-0.763721
574,-0.2627634
575,-0.63270944
576,-0.5010496
577,-0.13765383
578,-0.5187014
579,-0.96300626
580,0.08247698
581,-0.66829604
582,0.2612466
583,-0.5232899
584,-0.48154458
585,-0.51241195
586,-0.643385
587,-0.61905783
588,-0.44067627
589,-0.595657
590,0.22071157
591,-0.060411334
592,-0.35173565
593,-0.7146532
594,-0.19097611
595,-0.091813944
596,-0.5470523
597,-0.20103952
598,-0.5362673
599,-0.3391349
600,-0.5239264
601,-0.34735435
602,-0.92896265
603,-0.66385144
604,-0.32122695
605,-0.53553396
606,-0.054898024
607,-0.8033277
608,-0.9392363
609,-0.7085053
610,-0.8804798
611,-0.07558967
612,0.11667143
613,-0.5975257
614,-0.3617666
615,-0.27054513
616,-0.37277168
617,-0.5894284
618,-0.018121803
619,-0.6401905
620,-0.97710943
621,-0.5718762
622,-0.36195076
623,-0.63152087
624,-0.6833079
625,0.5647279
626,-0.6230542
627,-0.26344204
628,-0.68684745
629,-0.29501593
630,-0.6398725
631,-1.0741211
632,-0.46579784
633,0.17903966
634,-0.63098097
635,-0.89740103
636,-0.39355373
637,-0.7602934
638,-0.78875375
639,0.5695676
640,-0.5832998
641,-0.12096903
642,-0.78239
643,-0.5146754
644,-0.26704988
645,-0.14551741
646,0.07509724
647,-0.13841787
648,-0.18875483
649,-0.38124797
650,-0.46592182
651,-0.2034305
652,-0.42185298
653,0.14957982
654,-0.61146766
655,-0.47252256
656,-0.30846813
657,0.026303118
658,-1.0811738
659,1.1620942
660,-0.7201446
661,-0.59901094
662,-0.4885249
663,-0.29649362
664,-0.023020593
665,-0.33621237
666,-0.23764402
667,-0.0534652
668,-0.088156655
669,-0.29389194
670,1.1799709
671,-0.5725314
672,-0.21487512
673,-0.3963679
674,-0.40480062
675,-0.09061055
676,-0.27658543
677,-0.51557475
678,0.20172133
679,0.0040111104
680,-0.4551358
681,-0.31100318
682,-0.74185187
683,-0.7034989
684,-0.48513559
685,-0.45667952
686,-0.29877603
687,-0.32394418
688,-0.916418
689,-0.81873894
690,-0.7881467
691,-0.7872843
692,-0.18069081
693,-0.026270429
694,-0.14173529
695,-0.15300807
696,0.08586632
697,0.42134538
698,-0.12935479
699,0.12568171
700,-0.641603
701,-1.0528463
702,-0.19884823
703,-0.9075407
704,-0.43492845
705,-0.99652815
706,-0.63679075
707,-0.6519563
708,-0.54938024
709,-0.7357674
710,0.08617468
711,-0.119358584
712,0.24061428
713,-0.7880621
714,-0.5196154
715,-0.48179418
716,-0.62320036
717,-0.6374336
718,-0.7376059
719,-0.13488935
720,-0.8205431
721,-0.3069991
722,0.36586604
723,-0.3625418
724,-0.7450421
725,-0.46495137
726,-0.4156857
727,-0.6472868
728,0.17118686
729,1.0329573
730,-0.11861136
731,-0.24765459
732,-0.14730889
733,-0.44831035
734,-0.18862538
735,-0.37713557
736,-0.33251977
737,0.23308471
738,-0.6362507
739,-0.61865
740,-0.38635397
741,0.06775721
742,-0.344197
743,-0.38642487
744,-0.8673768
745,0.5325088
746,-0.14348893
747,-0.47559428
748,-0.3145128
749,-0.80656993
750,0.39349014
751,-0.6983628
752,-0.39195713
753,-1.1344421
754,-0.4767554
755,-0.4576731
756,-0.10101281
757,0.04800864
758,-0.16319299
759,-0.3901314
760,-0.28787374
761,-0.7161685
762,-0.9299916
763,-0.6814372
764,-0.102229185
765,-0.02418757
766,0.16233449
767,-0.41162467
768,0.406112
769,-0.44019404
770,0.14264287
771,0.031828564
772,0.0858699
773,-0.2438949
774,-0.45678827
775,-0.9650713
776,0.9616995
777,-0.783244
778,-0.5104121
779,1.1997105
780,0.09761838
781,-0.85686004
782,-0.70648104
783,-0.7845103
784,-0.6000339
785,-0.35671976
786,-0.559838
787,-0.80172664
788,-0.52807397
789,0.9814358
790,1.1207335
791,-0.3998748
792,-0.24142542
793,0.13947523
794,-0.6644522
795,-0.3440997
796,-0.08642346
797,-0.3014888
798,-0.67188317
799,0.18889186
800,-0.50272024
801,-0.28142166
802,-0.42126232
803,-0.60456544
804,-0.7748752
805,-0.2617775
806,-0.4901495
807,-0.07574454
808,-0.44855273
809,-0.5057924
810,-0.21291049
811,-0.21011677
812,-0.41504496
813,-0.63551235
814,1.1943817
815,-0.34907255
816,-0.21322334
817,-0.61313087
818,-0.5088063
819,-0.7132114
820,-0.4645883
821,0.07543371
822,-0.6884341
823,-0.52805436
824,-0.30708793
825,-0.61824983
826,0.28395656
827,-0.66146797
828,-0.3480742
829,-0.7848127
830,-0.50184387
831,0.41161764
832,-0.1974952
833,-0.6797677
834,-1.1198517
835,0.8902624
836,-0.5134902
837,-0.29144704
838,-0.6192695
839,-0.452056
840,-0.6665603
841,-0.29853547
842,-0.6458623
843,-0.3899736
844,-0.19657694
845,-0.6548457
846,0.07566583
847,-0.5376998
848,-0.46632707
849,-0.5371727
850,-0.07760955
851,0.54711044
852,-0.43557745
853,-0.7716793
854,-0.26857147
855,-0.6350892
856,-0.61962646
857,-0.1247916
858,-0.21035849
859,-0.6671658
860,0.5254712
861,-0.012956476
862,-0.51118684
863,-1.0252897
864,-0.030092632
865,-0.4952629
866,-0.7181124
867,-0.31998506
868,-0.9040586
869,-1.0708708
870,0.1774982
871,-0.040092587
872,-0.77114165
873,-0.72742754
874,-0.4167407
875,-0.15025069
876,-0.31095454
877,-0.30882543
878,-0.8352633
879,-0.8484148
880,-0.7662318
881,-0.32417107
882,0.40047258
883,-0.41027504
884,1.2272611
885,0.33927903
886,-0.33109418
887,0.10497283
888,-0.47524467
889,-0.2584146
890,-0.21631303
891,1.3057896
892,-0.8527241
893,-0.15560238
894,-0.5494778
895,-0.07206037
896,0.41258296
897,-0.15633708
898,-0.25518185
899,-0.3031873
900,-0.5594628
901,0.30676702
902,-0.58029467
903,-0.43106794
904,-0.24367708
905,-0.06903194
906,-0.44542933
907,0.8113363
908,-0.5630635
909,-0.45258224
910,-0.31624317
911,-0.8503677
912,-0.34389973
913,-0.3706717
914,0.09469238
915,0.59577847
916,-0.34534013
917,-0.21390268
918,-0.223982
919,-1.0474981
920,-0.45854056
921,-0.057985034
922,-0.47954804
923,-0.5818797
924,-0.5729579
925,-0.5631773
926,0.17840058
927,0.0011497589
928,0.009539606
929,-0.67792165
930,-0.7604681
931,0.09406236
932,0.22224385
933,0.65819013
934,0.16075395
935,-0.47449347
936,-0.32297078
937,-0.14582922
938,-0.1932244
939,-0.8040829
940,-0.6152117
941,-0.47096813
942,-0.37469485
943,-0.027950242
944,-0.58764476
945,-0.38079777
946,-0.6240258
947,-0.80845886
948,-0.26201424
949,-0.2256555
950,-0.3005691
951,-0.85584533
952,-0.7898531
953,-0.16594805
954,-0.20823391
955,-0.80820704
956,-0.75079584
957,-0.16044834
958,-0.7541641
959,-0.5045733
960,-0.79599833
961,-0.06525662
962,-0.8099226
963,-0.19241537
964,-0.5239731
965,-0.756982
966,-0.50342774
967,0.5945788
968,-0.68625724
969,-0.33586445
970,-0.23369253
971,-0.5796332
972,-0.710207
973,-0.3800595
974,-0.9653581
975,-0.41457024
976,0.7655051
977,-0.82746345
978,0.02865399
979,0.16835003
980,0.06362025
981,-0.35385314
982,-0.36415517
983,-0.90227026
984,-0.5175794
985,-0.4938784
986,-0.41747648
987,-0.21805362
988,-0.19917525
989,-0.10209581
990,-0.13519001
991,-0.34144688
992,0.10495439
993,-0.68483806
994,-0.10129784
995,0.46095854
996,-0.1893304
997,0.07561264
998,-0.65024155
999,-0.3428455
1000,-0.26511425
1001,-0.6276417
1002,-0.31857613
1003,-0.21532774
1004,-0.3797279
1005,-0.674904
1006,-0.4541954
1007,0.44993293
1008,-0.58684117
1009,-0.70811814
1010,-0.33200362
1011,0.29822436
1012,-0.2898842
1013,1.0738559
1014,0.4545258
1015,0.8311224
1016,-0.9887627
1017,-0.34447625
1018,-0.41526964
1019,-0.21880235
1020,-0.4482559
1021,0.8176258
1022,-0.47273904
1023,-0.30788454
1024,-0.22197048
1025,-0.62800634
1026,0.7515829
1027,-0.7414256
1028,0.65948
1029,-0.5144373
1030,-0.5110768
1031,-0.4998874
1032,-0.30734706
1033,-0.52391773
1034,0.13412987
1035,0.9875123
1036,-0.7287176
1037,-0.5939029
1038,-0.8196844
1039,-0.41993082
1040,-1.3380543
1041,-0.16300957
1042,0.17980224
1043,-0.67845047
1044,0.5454969
1045,0.096518576
1046,-0.4284542
1047,-0.10393457
1048,1.0146351
1049,-0.47221524
1050,-0.5553472
1051,0.76690835
1052,-0.4330648
1053,-0.7273126
1054,-0.45136255
1055,-0.94264376
1056,-0.49025202
1057,-0.69705886
1058,-0.18411712
1059,-0.82376397
1060,-0.46200857
1061,-0.8567069
1062,0.2784108
1063,-0.68138534
1064,-0.7103142
1065,0.9552673
1066,1.1048993
1067,-0.95413804
1068,0.3917039
1069,0.16766655
1070,0.25427377
1071,0.12543449
1072,-0.9031718
1073,-0.37319478
1074,-0.44632596
1075,-0.3926365
1076,-0.44064924
1077,-0.008388404
1078,-0.3615792
1079,-0.9152183
1080,-0.72388285
1081,-0.2018062
1082,-0.796266
1083,-0.5396969
1084,0.47100616
1085,0.43476936
1086,-0.23879337
1087,-0.89648235
1088,-0.8711271
1089,0.5716197
1090,-0.78203064
1091,0.31884718
1092,-0.27134952
1093,-0.698948
1094,-0.45008415
1095,-1.3142949
1096,-0.20113637
1097,-0.807842
1098,-0.39269575
1099,-0.09237597
1100,-1.1207286
1101,-0.5187163
1102,-0.51009625
1103,-0.8020198
1104,0.15041606
1105,-0.6156897
1106,-0.45171735
1107,-0.4269848
1108,-0.56229806
1109,0.28709176
1110,-0.10895182
1111,-0.73378956
1112,-0.6762543
1113,-0.7568393
1114,-0.47954878
1115,-0.12725073
1116,-0.4469392
1117,-0.19942114
1118,0.09007792
1119,-0.18798606
1120,0.21032906
1121,0.56768143
1122,-0.95118904
1123,-0.72645223
1124,-0.41223598
1125,0.32119367
1126,0.13657048
1127,-0.6991122
1128,-0.84200037
1129,-0.37839112
1130,-0.76060873
1131,-0.77338004
1132,-0.28743365
1133,-0.6261821
1134,-0.48051164
1135,-0.58831376
1136,-0.56553006
1137,-1.0961442
1138,-0.8214816
1139,-0.30196106
1140,-0.8410638
1141,-0.19869882
1142,1.2019134
1143,-0.12346587
1144,-0.36355704
1145,-0.57947105
1146,-0.29959032
1147,-0.17210272
1148,-0.088050716
1149,-0.18103409
1150,-0.86530274
1151,-0.10589961
1152,-0.2202837
1153,-0.39389667
1154,-0.59329623
1155,-0.63435537
1156,-0.9250669
1157,-0.86341226
1158,-0.95244884
1159,-0.82003003
1160,-0.017357077
1161,-0.8074042
1162,-0.35958093
1163,-0.40266356
1164,-0.34804052
1165,-1.0130166
1166,-0.57244945
1167,-0.10105428
1168,-0.3391885
1169,-0.39731345
1170,-1.0908304
1171,-0.70464814
1172,-0.06150315
1173,-0.05513908
1174,-0.7666216
1175,-0.53157175
1176,-0.16737159
1177,-0.1992306
1178,-0.30521658
1179,0.4026377
1180,-0.18993844
1181,-0.48574057
1182,-0.2646503
1183,-0.4555252
1184,-0.39050508
1185,-0.009415774
1186,-0.34584302
1187,-0.765872
1188,-0.49844235
1189,-0.1745336
1190,-0.44151196
1191,-0.76108193
1192,0.19013938
1193,-0.20097099
1194,-0.25087607
1195,-0.4008985
1196,0.21534824
1197,-0.0623982
1198,-0.48544788
1199,0.15098298
1200,-0.645324
1201,-0.47087526
1202,-0.15845913
1203,-0.62558526
1204,0.120465875
1205,-0.17788064
1206,-0.20201916
1207,-0.33480996
1208,-0.069591075
1209,-0.27290866
1210,-0.83445245
1211,-0.28794968
1212,0.75812525
1213,-0.31461778
1214,0.41486615
1215,-0.3202682
1216,0.35570046
1217,-0.4186987
1218,-0.3348446
1219,-0.3671006
1220,-0.47353193
1221,-0.34953505
1222,-0.81406385
1223,-0.18231028
1224,-0.92783976
1225,-0.1654493
1226,-0.18035477
1227,-0.056735374
1228,0.25875184
1229,-0.6396096
1230,-0.38227496
1231,-0.64162385
1232,-0.39624748
1233,-0.47705865
1234,0.043150526
1235,-0.5011705
1236,-0.18343307
1237,0.3409793
1238,-0.13779248
1239,-0.50330466
1240,0.29745558
1241,-0.508726
1242,-0.09293222
1243,-0.745729
1244,0.9786888
1245,-0.49255687
1246,0.522582
1247,-0.40922844
1248,0.34644458
1249,-0.21929349
1250,-0.51712555
1251,-0.43217707
1252,-0.2518706
1253,-0.38802564
1254,-0.42148992
1255,-0.067839205
1256,-0.26883715
1257,-0.43691844
1258,-0.3213055
1259,-0.61450356
1260,-0.68731904
1261,-0.25354403
1262,-0.4923284
1263,-0.013249644
1264,-0.5587831
1265,-0.43318844
1266,-0.42396373
1267,-0.5909095
1268,-0.4811549
1269,-0.88551146
1270,0.33657068
1271,-0.38242105
1272,-0.2277728
1273,-0.5528883
1274,0.3722225
1275,-0.9394533
1276,0.48995557
1277,-0.86984503
1278,-0.6376933
1279,-0.25376445
1280,0.39517042
1281,-0.71705014
1282,-0.28708357
1283,-0.6303256
1284,-0.4192011
1285,0.42734486
1286,-0.44906905
1287,-0.041566778
1288,-0.295324
1289,-0.15210086
1290,-0.55947024
1291,-0.43431172
1292,-0.43016854
1293,-0.19153143
1294,0.45133424
1295,-0.05132831
1296,-0.64125437
1297,0.22761685
1298,-0.4700999
1299,-0.37068138
1300,-0.3811701
1301,-0.7509261
1302,0.42932162
1303,-0.9321488
1304,-0.29423362
1305,-0.71398646
1306,0.507659
1307,-0.3931094
1308,-0.30255887
1309,-0.54730225
1310,-0.5219286
1311,0.3441903
1312,-0.206509
1313,-0.095485546
1314,-0.25473288
1315,-0.3171817
1316,-0.6439366
1317,-0.23147148
1318,-0.12591313
1319,-0.069347456
1320,0.46258825
1321,-0.42981413
1322,-0.88583785
1323,-0.87385386
1324,0.4600561
1325,-0.43097115
1326,-0.81183875
1327,0.8562827
1328,-0.09812649
1329,-0.21613769
1330,-0.71914196
1331,0.025447525
1332,-0.3721494
1333,-0.43681616
1334,-0.252019
1335,-0.59753597
1336,-0.4879523
1337,-0.59373677
1338,0.0036927648
1339,-0.5736779
1340,-0.55218583
1341,-0.6106456
1342,-0.52329963
1343,0.16882496
1344,-0.6686449
1345,-0.35237765
1346,-0.9995895
1347,0.2488899
1348,-0.66702753
1349,-0.40443748
1350,-0.03188113
1351,-0.46783748
1352,-0.7027849
1353,0.082011476
1354,1.1390171
1355,-0.20879072
1356,-0.4245519
1357,-0.13767923
1358,-0.42948416
1359,-0.53709155
1360,-0.5623538
1361,-0.2865273
1362,-0.29760605
1363,-0.1620689
1364,-0.87593377
1365,-0.4761681
1366,-0.13996312
1367,-0.76155746
1368,-0.60138345
1369,-0.078771695
1370,-0.6718585
1371,-0.5571836
1372,0.2485774
1373,-1.0730356
1374,-0.5764292
1375,-0.2969374
1376,-0.11452827
1377,-1.2610112
1378,0.2125532
1379,-0.8379315
1380,-0.44667703
1381,-0.12213535
1382,-0.57859474
1383,0.6792274
1384,-0.7464821
1385,0.08876829
1386,-0.6432573
1387,-0.33173272
1388,-0.2241168
1389,-0.14604428
1390,0.53329676
1391,-0.9056458
1392,-0.5779427
1393,-0.67278916
1394,-0.7341372
1395,-0.52978224
1396,-1.0494123
1397,-0.7586375
1398,-1.1134778
1399,-0.7380905
1400,1.07145
1401,-0.48259443
1402,-0.39430794
1403,-0.043205414
1404,-0.57266474
1405,-0.5942625
1406,-0.30460858
1407,-0.2871094
1408,-0.2755145
1409,0.77997667
1410,-0.40819362
1411,-0.22057779
1412,-0.79263896
1413,-0.51258016
1414,-0.5414721
1415,-1.0026021
1416,-0.443016
1417,-0.7449783
1418,0.0087610325
1419,-0.6897247
1420,-0.08447606
1421,-0.6628668
1422,-0.5621364
1423,-0.85652244
1424,-0.6301556
1425,-0.38040015
1426,-0.59440356
1427,-0.43720692
1428,-0.87009996
1429,-0.7669645
1430,-0.44401973
1431,-0.30469012
1432,-0.8222733
1433,-0.38259828
1434,-0.704734
1435,0.5135375
1436,-0.28230608
1437,-0.10926109
1438,-0.79613006
1439,-0.23476306
1440,-0.49917668
1441,-0.5706956
1442,-0.5111741
1443,-0.39501238
1444,-0.5626054
1445,-1.1879319
1446,-0.78019667
1447,-0.4502046
1448,-0.49833822
1449,-0.27850094
1450,-0.39578435
1451,-0.33639437
1452,-0.0614673
1453,-0.40839952
1454,0.12775233
1455,0.7258555
1456,-0.22075231
1457,-0.44603103
1458,-0.4182032
1459,-1.264124
1460,-0.5929263
1461,-0.42272344
1462,-0.10094374
1463,-0.58046484
1464,-0.730374
1465,-0.41812706
1466,-0.15182275
1467,-0.7015987
1468,-0.27580082
1469,0.003066472
1470,-0.39018306
1471,0.12172457
1472,-0.5747998
1473,-0.99676037
1474,-0.6423794
1475,-0.036505435
1476,0.2661441
1477,-0.33934748
1478,-0.7102131
1479,0.09028214
1480,-0.5285381
1481,-0.5804903
1482,-0.54174244
1483,-0.5358408
1484,-0.2451177
1485,0.07123886
1486,-0.6669891
1487,-0.41416013
1488,-0.7075294
1489,1.2671902
1490,-1.2042434
1491,0.3910596
1492,-0.67660004
1493,-0.71396667
1494,-0.26233572
1495,-0.021215467
1496,-0.8374038
1497,-0.715696
1498,-0.76545554
1499,-0.6113766
1500,-0.22298251
1501,-0.19227421
1502,-0.2981758
1503,-1.8263583
1504,-1.0317031
1505,-0.9150013
1506,-0.38035065
1507,-0.77089614
1508,-0.34359846
1509,0.33734897
1510,-0.6800578
1511,0.08970075
1512,-0.85875684
1513,-0.7162745
1514,-0.6606746
1515,-0.073576614
1516,-0.19169982
1517,-0.56808823
1518,-0.07972771
1519,0.009712111
1520,-0.59693736
1521,-0.37644383
1522,-0.6029052
1523,-0.37773818
1524,-0.19126259
1525,0.06583303
1526,-0.69851923
1527,-0.42199627
1528,-0.22762822
1529,-0.77592593
1530,-0.6912484
1531,0.24170178
1532,-0.42976257
1533,-0.21223177
1534,0.15220837
1535,-0.89301866
1536,-0.4449096
1537,0.033797108
1538,-0.48976102
1539,-0.33781457
1540,-0.6328857
1541,0.7909336
1542,-0.41292518
1543,-0.34030628
1544,-0.25895938
1545,-0.54276097
1546,-1.0981308
1547,-0.56226397
1548,-0.8051222
1549,0.22397931
1550,-0.65414995
1551,-0.83777386
1552,-0.45384067
1553,-0.40611833
1554,-0.82698005
1555,-0.5546743
1556,-0.36664417
1557,0.71943915
1558,-0.020635733
1559,0.08666198
1560,-0.83903694
1561,-0.008749998
1562,-0.30143565
1563,0.35433853
1564,-0.2527043
1565,-0.5086929
1566,-0.3382661
1567,-0.6658792
1568,-0.63696593
1569,-0.34721345
1570,-0.6121541
1571,-0.55254453
1572,-0.6983093
1573,-0.33346573
1574,-0.90290314
1575,-0.6614504
1576,-0.62883824
1577,-0.7475945
1578,-0.06492427
1579,-0.78274685
1580,-0.8600388
1581,-0.47392973
1582,-0.15510467
1583,0.08947897
1584,-0.40473697
1585,-0.6501936
1586,-0.032305945
1587,-0.5747128
1588,0.04015817
1589,-0.5855505
1590,-0.9884077
1591,-0.75800484
1592,-0.18105361
1593,-0.4029235
1594,-0.8305458
1595,-1.1779954
1596,-0.86715925
1597,-0.671928
1598,-0.6959391
1599,-0.6941608
1600,-0.2063634
1601,-0.016778903
1602,-0.18767919
1603,-0.5458006
1604,-0.31382018
1605,-0.3437641
1606,-0.022442821
1607,-0.17224766
1608,1.1973643
1609,-0.8362581
1610,-0.311234
1611,-0.7954714
1612,-0.13200067
1613,-0.284729
1614,-0.9693462
1615,-0.900845
1616,-0.6239279
1617,-0.22879508
1618,0.011317094
1619,0.36801067
1620,-0.81430495
1621,-1.256149
1622,-0.55473155
1623,-0.59367394
1624,0.19503242
1625,-0.18441449
1626,-0.39335003
1627,-0.5681919
1628,-0.350517
1629,-0.17776582
1630,-0.60849565
1631,-0.153328
1632,-0.26546696
1633,-0.7990511
1634,-0.4484008
1635,-0.78059137
1636,-0.71236026
1637,0.00029630878
1638,-0.253908
1639,-0.06307355
1640,-0.65739393
1641,-0.39237687
1642,-0.15562542
1643,-0.326961
1644,-0.7601429
1645,-0.6218683
1646,-0.3452427
1647,-0.78719836
1648,-0.4360586
1649,-0.3168635
1650,-1.0850828
1651,-0.36413082
1652,-0.4695223
1653,-0.7343573
1654,-0.4269814
1655,-0.017841123
1656,0.31165078
1657,0.054372173
1658,-0.39774615
1659,-0.41388
1660,-0.06863002
1661,-0.13816583
1662,-0.51689905
1663,-0.48796317
1664,-0.33162028
1665,-0.25960368
1666,-0.35363007
1667,-0.432751
1668,-1.0063012
1669,-0.5876985
1670,-0.5561003
1671,-0.34025702
1672,-0.5017563
1673,0.50141746
1674,-0.86624414
1675,0.046559654
1676,-0.18578853
1677,-0.19894502
1678,-0.07096516
1679,-0.90022063
1680,0.15911701
1681,-0.5602579
1682,-0.5733589
1683,-0.2570985
1684,-0.23592359
1685,0.4271818
1686,-0.113417186
1687,-0.89765483
1688,-0.60628307
1689,-0.49514228
1690,-0.59975135
1691,-0.66851795
1692,-0.8046973
1693,-0.5256912
1694,-0.89890367
1695,-0.8394035
1696,-0.6348185
1697,1.1510218
1698,-0.72086334
1699,-0.5006274
1700,-0.75717056
1701,-0.41333812
1702,-0.39353877
1703,0.08647246
1704,0.6748293
1705,-0.66673726
1706,-0.17889975
1707,-0.026261602
1708,-0.59905225
1709,-0.46047702
1710,-0.42994288
1711,-0.5332358
1712,-0.62219435
1713,0.12900205
1714,-1.0680505
1715,0.07572375
1716,-0.08349453
1717,-0.14258936
1718,-1.3479264
1719,-0.6494418
1720,-0.8390165
1721,-0.42292526
1722,-0.38257053
1723,0.39833942
1724,-0.15677881
1725,-0.6602025
1726,0.30421823
1727,-0.69991416
1728,-0.5374906
1729,0.96979874
1730,-0.31749237
1731,-0.25423324
1732,0.5572521
1733,0.5622054
1734,-0.84215814
1735,-0.4539652
1736,0.47221065
1737,0.2820994
1738,-0.61106324
1739,-0.31453687
1740,0.8054449
1741,-0.54843825
1742,-0.28353965
1743,-0.6255399
1744,0.25823116
1745,-0.37218913
1746,-0.5346665
1747,-0.4773016
1748,-0.710378
1749,-0.74352014
1750,-0.32131284
1751,-0.45840892
1752,0.85417765
1753,-0.82019573
1754,0.25478125
1755,-0.2203086
1756,1.0367097
1757,-0.9475298
1758,0.44494998
1759,0.3244322
1760,-0.111908756
1761,-0.53136563
1762,0.85572886
1763,-0.28567904
1764,-0.27439973
1765,-0.3417447
1766,-0.67003757
1767,-0.5080902
1768,-0.110580646
1769,-0.61439544
1770,-0.63434315
1771,0.5943978
1772,-0.3928907
1773,-0.09956943
1774,-0.4847817
1775,-0.061486676
1776,-0.37168884
1777,-0.8124045
1778,-0.61366963
1779,-0.380522
1780,-0.21758811
1781,-0.26080322
1782,-0.76208603
1783,-0.5872638
1784,-0.008168439
1785,-1.0984958
1786,-0.8587695
1787,-0.13222711
1788,0.47781003
1789,-0.029618062
1790,-0.7649175
1791,-0.20194903
1792,-0.38180333
1793,-0.33962086
1794,-0.3599651
1795,-0.2097737
1796,-0.71463865
1797,0.14580593
1798,-0.8123352
1799,-0.3137371
1800,0.34261638
1801,1.1813878
1802,-0.54268855
1803,-0.7834676
1804,-0.754234
1805,-0.70551217
1806,0.089423925
1807,-0.6741194
1808,-0.31733298
1809,0.22826652
1810,-0.08093637
1811,-0.54024744
1812,-0.42628232
1813,0.16324891
1814,0.1647443
1815,-0.4423029
1816,-0.7144058
1817,-0.5204277
1818,-0.7441221
1819,-0.38123864
1820,-0.48303446
1821,-0.58781385
1822,-0.7153071
1823,-0.8588366
1824,-0.021471422
1825,-0.5764109
1826,0.30754173
1827,-0.15664063
1828,-0.6917367
1829,0.33037117
1830,-0.9750931
1831,-0.4860619
1832,1.0007086
1833,0.23898783
1834,0.3037168
1835,-0.27371126
1836,-0.5490721
1837,-0.33005917
1838,-0.58616894
1839,-0.7921739
1840,-0.5453234
1841,0.30539522
1842,-0.071743146
1843,-0.66941
1844,-0.39018983
1845,-0.046453018
1846,-0.3686284
1847,-0.5051455
1848,-0.5028227
1849,-0.26597473
1850,-0.45849296
1851,-1.0619233
1852,-0.14767464
1853,0.06282479
1854,0.10296702
1855,-0.5889862
1856,-0.40100127
1857,-0.69785595
1858,-0.3804572
1859,-0.6740893
1860,0.09384364
1861,-0.2765438
1862,-0.57956177
1863,-0.755378
1864,-0.17164607
1865,-0.3302236
1866,-0.4226717
1867,0.89426255
1868,-0.3502471
1869,-0.5456636
1870,-0.4365967
1871,-0.4826068
1872,-0.46169505
1873,-1.034174
1874,0.688709
1875,-0.46656162
1876,-0.7506218
1877,-0.079484515
1878,-0.14336646
1879,-0.5484073
1880,-0.33628646
1881,-0.5423727
1882,-0.8394067
1883,-0.18417983
1884,-0.27588254
1885,-0.29779106
1886,-0.42124462
1887,-0.33975038
1888,-0.44935086
1889,-0.5328519
1890,-0.182783
1891,-0.33227143
1892,-0.6553158
1893,-0.10332017
1894,-0.44373858
1895,-0.5889614
1896,-0.44824457
1897,-0.3485982
1898,-0.33459416
1899,0.594805
1900,-0.67287123
1901,-0.71643406
1902,-0.37635094
1903,0.19997437
1904,0.7765343
1905,-0.7018093
1906,-0.44293752
1907,-0.6018006
1908,-0.47478542
1909,1.3581586
1910,-0.5788097
1911,-0.10145241
1912,-0.66400415
1913,-0.5396858
1914,-0.30035612
1915,-1.1590886
1916,-0.5172222
1917,-0.53588474
1918,-0.10797285
1919,-0.126876
1920,0.017616086
1921,-0.23287918
1922,-0.0008568025
1923,-0.48655653
1924,-0.5419237
1925,-0.55262995
1926,-0.36234152
1927,-0.5479648
1928,-0.32752067
1929,-0.6827756
1930,-0.19156253
1931,-0.2991781
1932,-0.6854682
1933,-0.8164949
1934,-0.31434968
1935,-0.12574501
1936,-0.7773103
1937,-0.44335726
1938,-0.45424256
1939,-0.13535953
1940,0.7793309
1941,-0.12269921
1942,-0.42168555
1943,-0.06894483
1944,-0.62081975
1945,0.52630574
1946,-0.6116212
1947,-0.35313982
1948,-0.17730372
1949,-0.29951692
1950,0.14464074
1951,-0.7140335
1952,-0.89916295
1953,-0.6627604
1954,-0.76641816
1955,-0.027427945
1956,-0.32351333
1957,-0.6836832
1958,-0.8458323
1959,-0.2495136
1960,-0.41306847
1961,-0.39884812
1962,-0.7871866
1963,0.05470832
1964,-0.2410816
1965,-0.3953483
1966,-0.48573387
1967,-0.1862181
1968,-0.44089553
1969,-0.18608972
1970,-0.4079482
1971,-0.6952433
1972,-0.20131354
1973,-0.42792377
1974,-0.23729366
1975,-0.39452568
1976,-0.4021126
1977,0.098644495
1978,0.18797028
1979,-0.62895876
1980,-0.15311071
1981,0.14583927
1982,-0.2230581
1983,-0.957779
1984,0.25677314
1985,0.30641478
1986,-0.30495238
1987,-0.1531977
1988,-0.49978718
1989,-0.42916337
1990,-0.64959997
1991,-0.59388804
1992,-0.6807216
1993,0.18236579
1994,0.25036532
1995,-0.6038951
1996,-0.33439308
1997,-0.48128232
1998,-0.058473144
1999,-0.23931576
2000,-0.4437737
2001,-0.50128984
2002,-0.3985617
2003,0.5366996
2004,-0.2723368
2005,-0.7468468
2006,0.3794731
2007,-0.64615285
2008,-0.75646883
2009,-0.44282272
2010,0.31459904
2011,-0.7216963
2012,-0.15352832
2013,-0.39392895
2014,-0.4605431
2015,-0.42127213
2016,-0.5325043
2017,-0.13104773
2018,-0.68437666
2019,-0.9088313
2020,-0.6476421
2021,-0.75476927
2022,-0.30016032
2023,-0.8357338
2024,-0.78495246
2025,-0.23316757
2026,-0.5393536
2027,-0.6203891
2028,-0.5947014
2029,-0.2601979
2030,-0.4599836
2031,-0.24270435
2032,0.21604013
2033,-0.2721879
2034,0.09294118
2035,-0.39414024
2036,-0.75385535
2037,-0.737004
2038,-0.83827037
2039,-0.37024614
2040,0.25404325
2041,-0.44759244
2042,-0.11021391
2043,0.18140686
2044,-0.27003828
2045,-0.7179511
2046,-0.8452547
2047,-0.5896243
2048,0.036417637
2049,-0.6048488
2050,0.023132265
2051,-0.7277373
2052,-0.6493136
2053,-1.0044613
2054,-0.5049563
2055,-0.5003025
2056,-0.50095767
2057,-0.57095563
2058,-0.34422562
2059,-0.20170839
2060,0.0147504
2061,-0.29010427
2062,-0.3593636
2063,0.37893915
2064,-0.3937082
2065,-0.47372243
2066,-0.61178887
2067,-0.22702298
2068,-0.84204054
2069,-0.822364
2070,0.7733136
2071,-0.8897463
2072,-0.22292474
2073,-0.59829825
2074,-0.47523734
2075,-0.6415356
2076,-0.590319
2077,-0.60928625
2078,-0.20474577
2079,-0.033355244
2080,-0.060026433
2081,-0.3940073
2082,-0.0878093
2083,-0.22994483
2084,-0.101670995
2085,-0.5862814
2086,-0.7161129
2087,-0.6271536
2088,0.47020134
2089,0.0317089
2090,-0.7374865
2091,-0.36395362
2092,-0.48360923
2093,-0.89179397
2094,0.5383041
2095,0.10759068
2096,-0.42957044
2097,-0.8041033
2098,-0.27474743
2099,-0.47361752
2100,-0.637412
2101,-0.31996152
2102,-0.09728751
2103,-0.5881981
2104,0.22752035
2105,-0.21766692
2106,-0.502743
2107,0.20820192
2108,-0.53891605
2109,0.32851124
2110,-0.80547994
2111,-0.42475772
2112,-0.4656643
2113,-0.43288475
2114,-0.6844757
2115,-0.37966165
2116,-0.18473934
2117,-0.6528913
2118,0.0963077
2119,-0.13260852
2120,-0.8008233
2121,-0.15078741
2122,-0.7681091
2123,0.980709
2124,-0.62974894
2125,-0.06846507
2126,-1.1094177
2127,-0.44557905
2128,-0.906824
2129,-0.2786717
2130,-0.3012626
2131,0.91224957
2132,-0.34785318
2133,-0.25526464
2134,-0.21390109
2135,-0.4266976
2136,-0.5521695
2137,-0.5005092
2138,-0.4229335
2139,-0.24144447
2140,-0.41477904
2141,-0.33600157
2142,-0.48626304
2143,-0.30762237
2144,-0.6684155
2145,-0.60190815
2146,-0.30032367
2147,-0.49943227
2148,-0.6471353
2149,-0.54743886
2150,-0.79949635
2151,0.04772736
2152,-0.22966069
2153,-0.60775155
2154,-0.693187
2155,-0.2830748
2156,0.98792934
2157,-0.48447147
2158,-0.8886269
2159,-0.5649638
2160,-0.28090858
2161,-0.6366621
2162,-0.6732962
2163,-0.6785248
2164,-0.18090823
2165,-0.56585634
2166,-0.8861049
2167,-0.51673025
2168,-0.6841423
2169,-0.31777376
2170,0.66137624
2171,-0.98012996
2172,0.3412509
2173,-0.9488066
2174,0.2720313
2175,-0.64301425
2176,-0.049950223
2177,-1.1943189
2178,-0.81564623
2179,-0.512743
2180,-0.3499948
2181,-0.09879989
2182,-0.28208324
2183,0.31612682
2184,-0.799722
2185,-0.4400301
2186,0.017861288
2187,-0.45230624
2188,-0.87641066
2189,-0.65361136
2190,-0.4334085
2191,-0.31765807
2192,-0.22545663
2193,-0.094730206
2194,-0.7277319
2195,0.052115653
2196,-0.37854436
2197,-0.15737635
2198,-0.20165308
2199,0.66043305
2200,-0.77145976
2201,-0.44002587
2202,-0.55522674
2203,-0.2670112
2204,0.61201406
2205,-0.33640817
2206,-0.55595464
2207,-1.0170233
2208,0.48630545
2209,-0.30632564
2210,-0.81746197
2211,-0.82300603
2212,-0.29092476
2213,0.059719462
2214,0.19989842
2215,0.33806393
2216,-0.043246314
2217,-0.27147448
2218,-0.14956021
2219,-0.8197064
2220,-0.89809746
2221,-0.67108554
2222,-0.040335298
2223,-0.2702111
2224,-1.045219
2225,-0.60168093
2226,0.48312888
2227,0.049287908
2228,-0.7964515
2229,-0.44815075
2230,-0.12763578
2231,-0.6846142
2232,0.026038779
2233,-0.2536961
2234,-0.18260011
2235,-0.40592426
2236,0.04301816
2237,-0.09558944
2238,-0.46914956
2239,0.22679581
2240,-0.57997406
2241,-0.52624077
2242,-0.40599135
2243,-0.11636889
2244,-0.6720164
2245,0.007384849
2246,-0.5651053
2247,-0.506568
2248,-0.66597754
2249,-0.42261487
2250,-0.5821216
2251,-0.48113415
2252,-0.5355264
2253,0.30280703
2254,-0.35275823
2255,-0.4968018
2256,1.1122274
2257,-0.37212735
2258,-0.25063488
2259,-0.1548247
2260,-0.7102619
2261,-0.4941161
2262,-0.5203788
2263,-0.9564195
2264,-0.6116792
2265,-0.6974273
2266,0.21548307
2267,-0.20255849
2268,-0.30421498
2269,-0.012059983
2270,-0.90864545
2271,-0.31220886
2272,-0.28508523
2273,-0.89597195
2274,0.25291714
2275,-0.56333506
2276,-0.10191004
2277,-0.112793
2278,-0.3640928
2279,-0.10870862
2280,-0.17762193
2281,-0.11119069
2282,-0.43614033
2283,-0.5264025
2284,-0.8763256
2285,0.011453654
2286,-0.29386196
2287,-0.4438022
2288,-1.0836703
2289,-0.6327771
2290,-0.3686659
2291,-0.44457895
2292,-0.69054985
2293,-0.12608741
2294,-0.26245672
2295,0.6582137
2296,-0.32552987
2297,-0.205043
2298,-0.031115938
2299,0.18398303
2300,0.1242526
2301,0.6655736
2302,-0.5422015
2303,-0.40390575
2304,-0.6602024
2305,0.39556006
2306,-0.6965187
2307,-0.8011807
2308,-0.636094
2309,-0.10126455
2310,-0.54788804
2311,-0.07394066
2312,-0.3866228
2313,-0.6373146
2314,-0.32354477
2315,-0.088190116
2316,0.61544394
2317,-0.58140475
2318,-0.72652185
2319,-0.36358914
2320,-0.299388
2321,-0.7822772
2322,-0.7142457
2323,-0.040081922
2324,-0.2259752
2325,-0.57998544
2326,-0.67557293
2327,0.46250358
2328,-0.9539612
2329,-0.056867894
2330,-0.2487292
2331,-0.6140024
2332,-0.8640556
2333,-0.39609525
2334,-0.25508347
2335,-0.41004205
2336,-0.9408221
2337,-0.6191633
2338,-0.6426012
2339,0.48966166
2340,-0.9971512
2341,-0.22204721
2342,-0.29526055
2343,-0.38954988
2344,0.026407024
2345,-0.54307985
2346,-0.5672274
2347,0.24418218
2348,-0.2616678
2349,0.62740755
2350,-0.2487146
2351,-0.27244332
2352,-0.43302327
2353,-0.36016604
2354,-0.09475375
2355,-0.31658414
2356,-0.5320412
2357,-0.4537082
2358,-0.83135086
2359,-0.8861156
2360,-0.29689398
2361,-0.57280344
2362,-0.5636702
2363,0.24849834
2364,-0.1856451
2365,-0.24208969
2366,-0.59973
2367,-0.43117914
2368,-0.66591835
2369,-0.29914665
2370,-0.23779047
2371,-0.06508342
2372,-0.63726497
2373,-0.52700454
2374,-0.06696682
2375,-0.652999
2376,-0.43652448
2377,-1.2448872
2378,0.45094138
2379,-0.4235199
2380,-0.78900945
2381,-0.36214247
2382,-0.23555556
2383,-0.7239002
2384,0.63882875
2385,-0.35685453
2386,0.4042727
2387,1.1709199
2388,0.5468954
2389,-0.3641175
2390,-0.08047157
2391,-0.6524586
2392,-0.11469403
2393,-0.49501476
2394,-0.20973727
2395,-0.25964475
2396,-0.7518995
2397,-0.33156824
2398,0.2233062
2399,-0.4982577
2400,-0.50601846
2401,-0.5850606
2402,-0.44902968
2403,-0.5676045
2404,-0.3478166
2405,-0.97732097
2406,-0.7451722
2407,-0.21047562
2408,-0.06924087
2409,-0.51987654
2410,-0.3541844
2411,-0.92898124
2412,-0.30208403
2413,0.3260413
2414,-0.4805794
2415,-0.107998565
2416,-0.54475576
2417,-0.49054873
2418,-0.1482465
2419,1.0879846
2420,-0.89243925
2421,0.06009859
2422,-0.46146715
2423,-0.90818703
2424,0.82852644
2425,0.02816923
2426,0.20299424
2427,-0.623701
2428,-0.469033
2429,-0.6888569
2430,-0.096482195
2431,-0.59554076
2432,-0.013597913
2433,-0.36972088
2434,-0.6162683
2435,0.09888846
2436,0.45099202
2437,-0.76138824
2438,0.2667011
2439,-0.17620413
2440,-0.2985036
2441,0.1527493
2442,-0.7748486
2443,-0.8706277
2444,-0.3665996
2445,-0.35957155
2446,0.86926
2447,-0.7077507
2448,0.51533335
2449,-0.5396461
2450,-0.45573384
2451,-0.37473527
2452,0.405994
2453,-0.5767616
2454,-0.6614355
2455,-0.7883594
2456,0.3985355
2457,0.4869856
2458,0.35034388
2459,-0.6882067
2460,-0.35856402
2461,-0.37454066
2462,-0.35130975
2463,-0.10618105
2464,-0.2503076
2465,-0.23071744
2466,-0.54132855
2467,-0.3311059
2468,-0.18763039
2469,-0.48977053
2470,-0.48299235
2471,0.8437199
2472,-0.8725085
2473,-0.51785403
2474,-0.18046199
2475,0.06327098
2476,-0.07964428
2477,-0.1322583
2478,-0.10087246
2479,0.13170537
2480,-0.23036635
2481,-0.34609103
2482,-0.24122
2483,-0.31852755
2484,-0.32693246
2485,-0.17376953
2486,-0.26045915
2487,-0.5854796
2488,-0.28448507
2489,-0.78431964
2490,-0.75291425
2491,-0.02517677
2492,-0.16545258
2493,-0.747955
2494,-0.53450775
2495,-0.37087902
2496,0.81419504
2497,-0.6469395
2498,0.7036221
2499,-0.3522535
2500,-0.25871325
2501,-0.6370791
2502,-0.6943417
2503,-0.3907119
2504,-0.5926635
2505,-0.24989069
2506,-0.31429118
2507,-0.5887193
2508,-0.62355494
2509,-0.27764848
2510,-0.2068301
2511,-0.13063084
2512,-0.45209435
2513,0.6660469
2514,-0.008069006
2515,-0.80914724
2516,-0.2721276
2517,-0.6288494
2518,-0.3535519
2519,-0.02880126
2520,-0.45911536
2521,-0.14367855
2522,0.7686494
2523,-0.504639
2524,-0.86369383
2525,-0.9563783
2526,-1.011604
2527,-0.33291578
2528,-1.5159361
2529,-0.932762
2530,-0.49323785
2531,-0.015999302
2532,-0.89599836
2533,-0.36618537
2534,-0.28525245
2535,-0.56925064
2536,-1.0339452
2537,-0.6642535
2538,-0.60696155
2539,-0.4273854
2540,-0.19716749
2541,1.2692744
2542,-0.9533328
2543,-0.42539826
2544,-0.48343688
2545,-0.5516784
2546,-0.49695614
2547,-0.8889741
2548,-0.90255374
2549,-0.45874235
2550,-0.6600944
2551,-0.5339175
2552,0.08589012
2553,-0.8112516
2554,-0.33685428
2555,-0.22876005
2556,0.28477433
2557,0.04699166
2558,-0.7483833
2559,-0.7094375
2560,-0.019844806
2561,-0.40491804
2562,-0.7289099
2563,-0.460731
2564,-0.5748334
2565,-0.6785702
2566,-0.65456
2567,-0.9212113
2568,-0.2516665
2569,-0.32061523
2570,-0.20757212
2571,-0.8132404
2572,0.16897963
2573,-0.5584942
2574,0.11762471
2575,-0.29034027
2576,-0.7577652
2577,-0.38114008
2578,-0.6003679
2579,-0.78226566
2580,0.37052184
2581,-0.16225512
2582,0.11667667
2583,0.49829414
2584,-0.030622074
2585,-0.40269753
2586,-0.4297442
2587,-1.0924628
2588,-0.7514449
2589,-0.14795026
2590,-0.53834915
2591,-0.3550449
2592,0.05397866
2593,-0.56098473
2594,-0.7249308
2595,-0.18055946
2596,-0.8657745
2597,-0.26318282
2598,-0.13182274
2599,-0.33678815
2600,0.39696148
2601,-0.79342926
2602,-0.4111737
2603,-0.29403317
2604,-1.0972931
2605,0.264559
2606,-0.09179832
2607,-0.16176528
2608,-0.2716356
2609,-0.25498444
2610,-0.46396527
2611,-0.31793803
2612,-0.5063243
2613,-0.50266033
2614,-1.1526159
2615,-0.52083606
2616,-0.36942527
2617,-0.060899943
2618,-0.450235
2619,-0.19372243
2620,-0.43456054
2621,-0.51851404
2622,-0.1463276
2623,-0.19170026
2624,-0.26954708
2625,-0.43526462
2626,-0.39096588
2627,0.60372204
2628,-0.47126296
2629,-0.7821468
2630,0.6515504
2631,-0.8001256
2632,-0.13163337
2633,-0.4816153
2634,-0.41145867
2635,-1.0248619
2636,-0.66188884
2637,-0.669898
2638,-0.311867
2639,-0.18138868
2640,0.00312989
2641,-0.48098287
2642,-0.60360044
2643,-0.151926
2644,0.032457124
2645,-0.45617506
2646,-0.5396791
2647,-0.4955528
2648,-0.46925995
2649,-0.7716393
2650,-0.40978423
2651,0.2583004
2652,0.90962493
2653,1.2573963
2654,-0.30095834
2655,-0.6557702
2656,-0.38385603
2657,-0.8430955
2658,0.02533553
2659,-0.82084346
2660,-0.54038584
2661,-0.31508026
2662,-0.27490008
2663,-0.030862309
2664,-0.3153132
2665,-0.6342253
2666,-0.67006713
2667,-0.6270983
2668,-0.14539942
2669,-0.54106504
2670,-0.43267274
2671,-0.8440733
2672,-0.40904036
2673,-0.282329
2674,-0.7556766
2675,-0.42218474
2676,-0.5933207
2677,-0.79583716
2678,-0.12873316
2679,0.2166631
2680,-0.5081597
2681,-0.12175679
2682,-0.34295535
2683,-0.8718769
2684,-0.2658852
2685,-0.3877691
2686,-0.36091498
2687,-1.0110917
2688,-0.5761062
2689,1.0091109
2690,0.027565844
2691,-0.40615556
2692,-0.35815394
2693,-0.84943885
2694,-0.22776257
2695,-0.51143044
2696,-0.03238411
2697,0.065336995
2698,-0.92836666
2699,-0.3321921
2700,-0.52714443
2701,-1.0553019
2702,-0.5887003
2703,-0.8391808
2704,-0.11359392
2705,-0.34365356
2706,-0.67666453
2707,-0.70891666
2708,-0.34529594
2709,0.51937306
2710,-0.48935547
2711,-0.42403224
2712,-0.011534752
2713,-0.28486043
2714,-0.33150902
2715,-0.5687271
2716,-0.3303443
2717,0.6306002
2718,-0.6267509
2719,-0.74294734
2720,-0.44214112
2721,-0.4581786
2722,-0.7242066
2723,-0.48561123
2724,-0.31730336
2725,1.1090307
2726,0.600366
2727,-0.45500368
2728,-0.4273251
2729,-0.5219195
2730,-0.18496734
2731,-0.7636645
2732,-0.15966971
2733,0.7813427
2734,-0.20831071
2735,-0.15657598
2736,-0.58458775
2737,-0.79534036
2738,-0.61671704
2739,-0.6156776
2740,-0.3664541
2741,-0.19284785
2742,0.68341076
2743,-0.7890713
2744,-0.4790476
2745,-0.2794978
2746,-0.33040324
2747,-0.10097457
2748,-0.1844111
2749,0.6161796
2750,-0.9172916
2751,-0.019776044
2752,-0.47818446
2753,-0.48432487
2754,-0.5352245
2755,-0.36905771
2756,-0.5131584
2757,-0.58877915
2758,0.5035232
2759,-0.3518822
2760,-0.75455284
2761,-0.84888893
2762,-0.3685586
2763,-1.0905857
2764,-1.0666509
2765,-0.54971105
2766,-0.19147684
2767,-0.5426137
2768,-0.5593154
2769,-0.22870244
2770,-0.99553055
2771,0.3853513
2772,-0.4671918
2773,-0.12900256
2774,-0.78045297
2775,-0.41944566
2776,-0.60548544
2777,-0.43817788
2778,-0.27199703
2779,-0.9996047
2780,0.7443032
2781,-0.38340655
2782,-0.30904967
2783,-0.0040897103
2784,-0.014396827
2785,-0.33531475
2786,-0.15533496
2787,-0.58290637
2788,0.27971652
2789,-1.1183313
2790,-0.60430586
2791,-0.20144233
2792,-0.10608311
2793,0.53884214
2794,-0.5453725
2795,-0.11006403
2796,-0.2891782
2797,0.16533749
2798,-0.008414239
2799,-0.3658654
2800,-0.5660072
2801,-0.73528844
2802,-0.47795084
2803,-0.43691882
2804,-0.63008785
2805,-0.35064623
2806,-0.21504408
2807,-0.45691556
2808,-0.36167738
2809,0.09095225
2810,-0.38789326
2811,-0.7806788
2812,-0.27191424
2813,-0.05374595
2814,-0.51188874
2815,-0.28862354
2816,-0.354584
2817,-0.47455135
2818,-0.22462998
2819,1.2400299
2820,-0.6482351
2821,-0.39645728
2822,-0.3362924
2823,-0.24172196
2824,-0.14481047
2825,-0.71667904
2826,0.47905552
2827,-0.57367396
2828,0.44556162
2829,-0.5131467
2830,-0.8304552
2831,-0.68670076
2832,-0.5643815
2833,-0.8725345
2834,0.79576236
2835,-0.096827954
2836,-0.71575975
2837,-0.4113647
2838,-0.54774386
2839,-0.4257176
2840,-0.6780071
2841,-0.42246708
2842,0.26513806
2843,-0.031714067
2844,-0.33433244
2845,-0.4973322
2846,-0.90188026
2847,-0.82279664
2848,-0.3354171
2849,0.14363919
2850,-0.29782096
2851,-0.84904695
2852,0.22792569
2853,-0.3680768
2854,-0.74296206
2855,0.09867643
2856,-0.2369727
2857,-0.3788972
2858,-0.25708136
2859,-0.11432286
2860,-0.7712913
2861,-0.34661078
2862,-1.0091615
2863,-0.94922686
2864,-0.2936902
2865,0.77275544
2866,-0.24945936
2867,-0.49672124
2868,-0.6983069
2869,-0.9442961
2870,0.630583
2871,-0.5710701
2872,0.055797435
2873,0.10560687
2874,0.29225928
2875,-1.0020939
2876,-0.56841165
2877,0.06775205
2878,0.26601568
2879,-0.8408667
2880,0.058742933
2881,-0.6457829
2882,-0.4720198
2883,-0.3663342
2884,-0.018538317
2885,-0.9201155
2886,-0.49932054
2887,-0.29881802
2888,-0.26326355
2889,-0.19036631
2890,-0.4194754
2891,0.19964917
2892,-0.38277608
2893,-0.67794025
2894,-0.563972
2895,-0.27160233
2896,1.0432178
2897,-0.5831891
2898,-0.4062599
2899,-0.5661307
2900,-0.13998505
2901,-0.5730128
2902,0.6807433
2903,-0.5157004
2904,-0.56733096
2905,-0.39172298
2906,-0.22413841
2907,-0.60715073
2908,-0.7353157
2909,0.040547855
2910,-0.094453126
2911,-0.47406062
2912,0.9596317
2913,-0.67605996
2914,-0.5429332
2915,-1.0321913
2916,-0.83185226
2917,-0.2699087
2918,-0.40471864
2919,-0.5907031
2920,-0.54584455
2921,-0.009190631
2922,-0.4112074
2923,-0.724751
2924,-0.8932801
2925,-0.29049012
2926,-0.7765771
2927,-0.6612385
2928,-0.20104593
2929,-0.360385
2930,-0.36042765
2931,0.16375995
2932,0.57925284
2933,-0.2698963
2934,-0.6958562
2935,-0.47275758
2936,-0.007354464
2937,-0.34769854
2938,-0.26320186
2939,-0.14128157
2940,-0.009149954
2941,0.048563797
2942,0.2963144
2943,-0.27519628
2944,-0.63022757
2945,-0.0107051255
2946,-0.9322709
2947,-0.61984664
2948,0.7044828
2949,-0.42044276
2950,-0.5677706
2951,-0.3313483
2952,-0.43128774
2953,-1.0015153
2954,-0.4464173
2955,-0.14462082
2956,-0.5669617
2957,0.8859603
2958,0.016869389
2959,-1.300693
2960,-0.5472146
2961,-1.0717057
2962,0.91039485
2963,-0.5034584
2964,-0.25902078
2965,0.98070157
2966,-0.51582915
2967,-0.27279532
2968,-0.86108464
2969,0.23917715
2970,-0.10284549
2971,-0.38553357
2972,-0.73273695
2973,-0.28391665
2974,-0.27481854
2975,-0.83185613
2976,-0.15356599
2977,-0.4868893
2978,-0.13365193
2979,-0.45318907
2980,-0.004078527
2981,-0.52585137
2982,-0.8688818
2983,-1.0582794
2984,-0.63080096
2985,-0.30126452
2986,-0.3748581
2987,-1.0472023
2988,-0.35085234
2989,-0.6922251
2990,-0.8098295
2991,-0.50759035
2992,-0.5584629
2993,-0.9365238
2994,-0.2629624
2995,-0.094019435
2996,-0.26857507
2997,0.37436748
2998,0.40446943
2999,-0.64591706
3000,-0.14966153
3001,-0.8477872
3002,-0.4701686
3003,-0.306728
3004,-0.83782756
3005,-0.98379433
3006,-0.15615527
3007,0.08968031
3008,-0.8083839
3009,0.09113345
3010,-0.37037048
3011,-0.8682593
3012,-0.24539563
3013,0.6688034
3014,-0.75915825
3015,-0.86467785
3016,0.18355513
3017,-0.68710244
3018,-0.11807681
3019,-0.60556954
3020,0.102230184
3021,-0.93791354
3022,0.08619414
3023,-0.82638395
3024,-0.7482028
3025,0.058779445
3026,-0.1339143
3027,-0.32504776
3028,-0.48219326
3029,-0.38181567
3030,-0.84094036
3031,-0.5494169
3032,0.16929322
3033,-1.0319276
3034,-0.0058694957
3035,-0.4689417
3036,-0.5283832
3037,-0.15187967
3038,-0.53475875
3039,-0.6672562
3040,1.0650767
3041,-0.030048575
3042,-0.55081105
3043,-0.8252139
3044,-0.5452717
3045,-0.40635192
3046,0.011087847
3047,-0.30887538
3048,0.45443538
3049,-0.18536922
3050,-0.22540483
3051,0.021127187
3052,-0.41175312
3053,-0.21631232
3054,-0.8555027
3055,-0.15174735
3056,-0.17170739
3057,-1.3902997
3058,-0.6335554
3059,-0.63417596
3060,-0.70522255
3061,-0.18018818
3062,-0.36651176
3063,0.592886
3064,-0.666501
3065,-0.48509628
3066,-0.17294553
3067,-0.41269457
3068,-0.7495679
3069,-0.8003885
3070,-0.13026997
3071,-0.7888715
3072,0.91780317
3073,-0.17735553
3074,-0.6239205
3075,-1.1281205
3076,-0.94675416
3077,-0.3668876
3078,-0.5504786
3079,-0.31440437
3080,-1.0941705
3081,0.96212584
3082,-0.18119137
3083,0.22460361
3084,-0.78300714
3085,-0.80581135
3086,-0.2732098
3087,0.11493809
3088,-0.16571622
3089,0.94583684
3090,-0.43157226
3091,0.061914325
3092,0.8251061
3093,1.1248479
3094,-0.9337826
3095,-0.3445831
3096,-0.79291046
3097,-0.6711351
3098,-0.80644464
3099,-0.40214697
3100,-0.93706983
3101,-0.6209946
3102,-0.018861296
3103,-0.7189405
3104,-1.0717452
3105,0.34034118
3106,-0.6029492
3107,-0.10672647
3108,-0.5299027
3109,-0.34454396
3110,0.17537525
3111,0.60563636
3112,0.5759293
3113,-0.015076183
3114,-0.7937043
3115,-0.1825006
3116,-0.21188961
3117,-0.48731637
3118,-0.39599907
3119,-0.9010659
3120,-0.38070813
3121,0.3215443
3122,-0.29360735
3123,-1.0289749
3124,-0.25062156
3125,0.18978094
3126,-0.17985225
3127,-0.5293762
3128,-0.28755307
3129,-0.30277038
3130,-0.008591731
3131,-0.8187552
3132,0.0113346595
3133,-0.06230847
3134,0.13349381
3135,-0.23617756
3136,-0.6258625
3137,-0.8560401
3138,-0.7944378
3139,-0.05263918
3140,-0.8608618
3141,-0.62848115
3142,0.0497653
3143,-0.77210647
3144,-0.094297476
